tr,trp1,trp2,trp3,sigma,pi1,pi2,pi3,phi
-0.569751,-0.00662727,0.00389774,-0.00324608,2.55576,0.0330119,-0.0188754,0.017212,2.5561
-0.577402,-0.00675436,0.00388077,-0.00344451,2.55807,0.0327015,-0.0186557,0.0170761,2.5584
-0.576863,-0.00667807,0.00364971,-0.00344254,2.5595,0.0323877,-0.018478,0.0169492,2.55983
-0.575012,-0.0062711,0.00370958,-0.00343665,2.56081,0.0321002,-0.0182713,0.0167936,2.56114
-0.57763,-0.00660365,0.00375466,-0.00348906,2.56199,0.0318231,-0.0181081,0.0166546,2.56231
-0.572753,-0.00626883,0.00368434,-0.00340343,2.56339,0.0315737,-0.0179168,0.0164918,2.5637
-0.576766,-0.00632552,0.00373862,-0.00324224,2.56453,0.0312758,-0.0177655,0.0163244,2.56483
-0.579907,-0.00655789,0.00367156,-0.00327349,2.56552,0.0310092,-0.0176124,0.0161721,2.56582
-0.573616,-0.00655845,0.00347191,-0.00316995,2.56623,0.0307506,-0.0174798,0.0160176,2.56653
-0.575745,-0.0065135,0.0035123,-0.00300047,2.56706,0.0304802,-0.0173229,0.0158399,2.56735
-0.57649,-0.00629973,0.00350717,-0.00311377,2.56809,0.0302213,-0.0171515,0.0157188,2.56837
-0.575413,-0.0058902,0.00366151,-0.00325591,2.56898,0.0299714,-0.0169881,0.0155899,2.56926
-0.570778,-0.00606407,0.00342488,-0.00322866,2.56955,0.0297044,-0.0168032,0.0154499,2.56982
-0.575552,-0.00615907,0.00336284,-0.00289093,2.57038,0.029454,-0.0166528,0.0153169,2.57064
-0.56867,-0.00612939,0.00337974,-0.00308386,2.57057,0.0291616,-0.0165135,0.015184,2.57084
-0.570412,-0.00593244,0.00331371,-0.00297091,2.57109,0.028913,-0.0163986,0.015051,2.57135
-0.56723,-0.00596983,0.00341927,-0.00319957,2.57193,0.028659,-0.016283,0.0149329,2.57219
-0.578038,-0.00586356,0.00339043,-0.00295442,2.57223,0.028397,-0.0161579,0.0147593,2.57248
-0.56975,-0.00592094,0.00303745,-0.00317441,2.57277,0.0281429,-0.0160042,0.0146668,2.57302
-0.575908,-0.0059061,0.00312407,-0.00303035,2.57345,0.0278927,-0.0158405,0.0145411,2.57369
-0.570208,-0.00581272,0.00308734,-0.00299387,2.57401,0.0276261,-0.0156974,0.0144026,2.57425
-0.570293,-0.00563955,0.00313954,-0.00308219,2.5737,0.0273977,-0.01558,0.0142717,2.57393
-0.573988,-0.00546368,0.0031032,-0.00294604,2.5746,0.0271533,-0.0154438,0.0141435,2.57483
-0.572004,-0.00552169,0.0031645,-0.00299393,2.57479,0.0269072,-0.0153136,0.0140217,2.57502
-0.571943,-0.005545,0.00314733,-0.00275504,2.57498,0.026666,-0.0151924,0.013894,2.5752
-0.569848,-0.00529997,0.00318587,-0.00281091,2.57502,0.0264152,-0.015051,0.0137528,2.57524
-0.567613,-0.00550071,0.00306842,-0.00265224,2.5756,0.0262061,-0.0149258,0.0136165,2.57582
-0.575151,-0.00534042,0.00303629,-0.00276612,2.5762,0.025987,-0.0147939,0.0134813,2.57641
-0.578983,-0.00549284,0.0029852,-0.00261004,2.57609,0.0257517,-0.0146462,0.0133811,2.5763
-0.583442,-0.00518232,0.00306994,-0.0028331,2.57634,0.0255132,-0.0145139,0.0132767,2.57654
-0.577536,-0.00509809,0.00298028,-0.00258601,2.57697,0.0252854,-0.0143823,0.0131727,2.57717
-0.57648,-0.00504094,0.00309762,-0.00261555,2.57692,0.0250679,-0.0142417,0.013067,2.57711
-0.576714,-0.00512523,0.00284128,-0.00257282,2.57745,0.0248371,-0.014124,0.0129323,2.57764
-0.572733,-0.00508292,0.00287569,-0.00265399,2.57701,0.024629,-0.0140226,0.0128355,2.57719
-0.578208,-0.00515388,0.00275744,-0.00258812,2.57749,0.0244285,-0.013874,0.0127134,2.57767
-0.579322,-0.0050121,0.00282959,-0.00252144,2.57771,0.0241918,-0.0137556,0.0125869,2.57789
-0.588514,-0.00510456,0.00277796,-0.00254959,2.57777,0.0239768,-0.013651,0.0124788,2.57795
-0.572784,-0.00486136,0.00278004,-0.00241644,2.57794,0.0237611,-0.0135364,0.0123709,2.57812
-0.572395,-0.00482865,0.00289546,-0.00245348,2.57812,0.0235457,-0.013425,0.0122584,2.57829
-0.574515,-0.00478493,0.00268911,-0.00251284,2.57819,0.0233331,-0.0133059,0.0121632,2.57835
-0.569232,-0.004784,0.0027179,-0.0023333,2.57823,0.0231221,-0.0131837,0.0120531,2.57839
-0.578288,-0.0046143,0.00277131,-0.00240047,2.57866,0.0229122,-0.0130712,0.0119294,2.57882
-0.574563,-0.00462915,0.0026176,-0.00243346,2.57871,0.0227124,-0.0129586,0.0118232,2.57887
-0.587092,-0.00473818,0.00270193,-0.00243807,2.57894,0.0225331,-0.0128494,0.0117096,2.57909
-0.577412,-0.00457305,0.00254443,-0.002375,2.57892,0.0223264,-0.0127427,0.0116016,2.57907
-0.568443,-0.0045616,0.00262269,-0.00232354,2.5789,0.0221404,-0.012641,0.0114986,2.57905
-0.573285,-0.00441401,0.00267774,-0.00224485,2.57925,0.0219464,-0.0125255,0.0113987,2.5794
-0.569933,-0.00444287,0.00255507,-0.0022927,2.57889,0.0217521,-0.0124121,0.0112968,2.57904
-0.572348,-0.00442676,0.00247836,-0.00222902,2.57908,0.0215685,-0.0123049,0.0112057,2.57923
-0.57178,-0.00436264,0.00267057,-0.00213621,2.57895,0.0213745,-0.012198,0.0111079,2.57909
-0.575983,-0.00432664,0.00249197,-0.00214751,2.5798,0.0211922,-0.0120905,0.0110088,2.57994
-0.574037,-0.00433959,0.00250341,-0.00234906,2.57977,0.021008,-0.0119827,0.0109108,2.57991
-0.571295,-0.00433642,0.00247873,-0.00229609,2.57959,0.02082,-0.0118682,0.01081,2.57972
-0.578045,-0.0041853,0.00240871,-0.00218285,2.57973,0.0206437,-0.0117615,0.0106997,2.57986
-0.579887,-0.00420339,0.00237018,-0.00222244,2.58,0.0204612,-0.0116532,0.0105953,2.58013
-0.575748,-0.00414853,0.0023112,-0.00206732,2.5799,0.0202756,-0.0115444,0.0104907,2.58002
-0.581222,-0.00408203,0.00238269,-0.00220362,2.58053,0.0201031,-0.0114353,0.0104058,2.58065
-0.584763,-0.0041217,0.00227752,-0.00215232,2.58003,0.0199239,-0.0113464,0.0103151,2.58015
-0.581823,-0.00402202,0.00230552,-0.00203987,2.58018,0.0197505,-0.0112526,0.0102268,2.5803
-0.57554,-0.00396731,0.00225671,-0.0020738,2.5801,0.0195699,-0.0111427,0.0101259,2.58022
-0.578663,-0.00392508,0.00237816,-0.0020132,2.58011,0.0193967,-0.0110469,0.0100268,2.58022
-0.579755,-0.00410145,0.00225932,-0.00200848,2.5803,0.0192181,-0.0109351,0.00994434,2.58041
-0.589027,-0.00384585,0.00225197,-0.00201865,2.5807,0.0190431,-0.0108467,0.0098499,2.58081
-0.582864,-0.00389435,0.00215705,-0.00200508,2.5805,0.0188661,-0.0107639,0.00975775,2.58061
-0.571072,-0.00390943,0.00211979,-0.00188056,2.5804,0.0186968,-0.0106624,0.00966278,2.58051
-0.570661,-0.00384274,0.00212753,-0.00202736,2.58042,0.0185299,-0.0105761,0.00956936,2.58053
-0.576897,-0.00386872,0.00215428,-0.00193452,2.58039,0.0183758,-0.0104823,0.00948893,2.58049
-0.571023,-0.00379405,0.00210377,-0.00202166,2.58032,0.0182184,-0.0103886,0.00941828,2.58042
-0.572433,-0.00368431,0.00205599,-0.0019166,2.58061,0.0180615,-0.0103005,0.00932456,2.58071
-0.577607,-0.00359819,0.00213772,-0.00186998,2.58085,0.0179005,-0.0102098,0.00923019,2.58095
-0.582838,-0.00369179,0.00203313,-0.00186591,2.58093,0.0177452,-0.010115,0.00914856,2.58102
-0.578432,-0.00357872,0.00204911,-0.00183206,2.58091,0.0175801,-0.0100259,0.00907128,2.58101
-0.582532,-0.00365283,0.0020754,-0.00194898,2.58109,0.0174159,-0.00994303,0.00900501,2.58118
-0.575943,-0.00350002,0.00204725,-0.00177574,2.58069,0.0172649,-0.00985133,0.00893615,2.58078
-0.573195,-0.00355563,0.00214938,-0.00178592,2.58075,0.0171114,-0.00976885,0.00886256,2.58084
-0.572339,-0.0034844,0.00196768,-0.00184444,2.58059,0.0169678,-0.00968095,0.00877675,2.58068
-0.576152,-0.00349309,0.00201164,-0.00178641,2.58091,0.0168287,-0.00959496,0.00870452,2.581
-0.576224,-0.00344348,0.0019623,-0.00182597,2.58096,0.0166838,-0.00950741,0.0086343,2.58105
-0.583525,-0.00338857,0.00193352,-0.00181163,2.58115,0.0165521,-0.00942224,0.00855839,2.58124
-0.572182,-0.00338274,0.00191495,-0.00171247,2.58107,0.0164065,-0.00933638,0.00848666,2.58115
-0.575389,-0.00334275,0.00182299,-0.00171831,2.58133,0.0162643,-0.00925962,0.00841334,2.58141
-0.578038,-0.00325678,0.00190389,-0.00177372,2.58128,0.0161224,-0.00918461,0.00833707,2.58136
-0.568453,-0.0033452,0.00184688,-0.00170501,2.58114,0.0159737,-0.00911126,0.00826142,2.58122
-0.568468,-0.00324481,0.00187703,-0.00168286,2.58147,0.0158416,-0.00904357,0.00819553,2.58155
-0.575646,-0.00322396,0.00178294,-0.00162254,2.58118,0.0157041,-0.00896787,0.00813814,2.58126
-0.574275,-0.00320184,0.00182244,-0.00163881,2.58102,0.0155626,-0.00888916,0.00807547,2.5811
-0.571937,-0.00320565,0.00176341,-0.0016398,2.58106,0.0154253,-0.00880603,0.00800388,2.58113
-0.571263,-0.00313913,0.00170255,-0.00161388,2.5812,0.0152931,-0.00873446,0.00793185,2.58127
-0.569324,-0.0030127,0.00179378,-0.00162077,2.58128,0.0151586,-0.00866256,0.00786541,2.58135
-0.579761,-0.00306561,0.00174343,-0.00156708,2.58172,0.0150264,-0.00858368,0.00779579,2.58179
-0.585438,-0.0030616,0.00179011,-0.00168756,2.58142,0.014898,-0.00850441,0.00772505,2.58149
-0.575006,-0.00299107,0.00173548,-0.00158091,2.58135,0.0147622,-0.00842708,0.00765893,2.58142
-0.570996,-0.00297834,0.00175216,-0.00158967,2.58142,0.0146316,-0.00836158,0.00759542,2.58149
-0.585218,-0.00292681,0.00162888,-0.00159622,2.58118,0.0145015,-0.0082839,0.00751949,2.58124
-0.582109,-0.00304196,0.00175446,-0.00146023,2.58162,0.0143695,-0.0082095,0.00744931,2.58168
-0.579713,-0.00294541,0.00164527,-0.00152247,2.58152,0.0142479,-0.00813178,0.00738144,2.58158
-0.574951,-0.00286613,0.00166084,-0.00144727,2.5816,0.0141216,-0.00806695,0.00732275,2.58166
-0.576261,-0.00286572,0.00165672,-0.00144767,2.58173,0.0140002,-0.00799359,0.00726459,2.58179
-0.573462,-0.00280074,0.00158389,-0.00144231,2.58158,0.0138711,-0.00792428,0.00719418,2.58164
-0.584495,-0.00284204,0.00167364,-0.00142569,2.58166,0.0137478,-0.00786198,0.00712854,2.58172
-0.576786,-0.00280776,0.00160676,-0.00142509,2.58173,0.0136309,-0.00779622,0.00706469,2.58179
-0.575437,-0.00272589,0.00159169,-0.00143186,2.58111,0.0135128,-0.00773274,0.00700337,2.58117
-0.576172,-0.00275851,0.00155993,-0.00138527,2.58172,0.013391,-0.00765666,0.0069369,2.58178
-0.579654,-0.00269886,0.00155928,-0.0013984,2.5817,0.0132671,-0.00758351,0.00687924,2.58175
-0.576045,-0.00268954,0.001527,-0.00142269,2.58126,0.0131514,-0.00752024,0.00682,2.58131
-0.579996,-0.00270094,0.0015941,-0.00144042,2.58158,0.013035,-0.00745331,0.00676439,2.58164
-0.583036,-0.00267259,0.00157008,-0.00139732,2.58176,0.0129157,-0.00739101,0.0067086,2.58181
-0.567523,-0.00261944,0.00145292,-0.00131997,2.58169,0.0127996,-0.00732736,0.0066474,2.58174
-0.565323,-0.00257849,0.00148314,-0.00131895,2.5815,0.0126864,-0.0072637,0.00658582,2.58155
-0.576729,-0.00257891,0.00148314,-0.0013657,2.58173,0.012572,-0.00720487,0.00652652,2.58178
-0.574203,-0.00253051,0.00144373,-0.00128088,2.58137,0.0124629,-0.00714612,0.00646867,2.58142
-0.56933,-0.00252912,0.00146148,-0.00134761,2.58171,0.0123559,-0.00708684,0.00641935,2.58175
-0.574052,-0.00247155,0.00141188,-0.00125963,2.58153,0.0122454,-0.00702738,0.00636057,2.58157
-0.569136,-0.00245953,0.001463,-0.00134674,2.5816,0.0121401,-0.00696832,0.00630243,2.58164
-0.574731,-0.00251368,0.00142355,-0.00123641,2.58132,0.0120371,-0.00690866,0.00624174,2.58136
-0.573902,-0.00248013,0.00139111,-0.00131614,2.58145,0.011935,-0.00684849,0.00618376,2.5815
-0.570076,-0.00244047,0.00138317,-0.00123897,2.58166,0.0118347,-0.00678971,0.00612826,2.5817
-0.575467,-0.00240114,0.00137997,-0.00126449,2.58156,0.011727,-0.00672447,0.00608142,2.5816
-0.576129,-0.00235706,0.00132824,-0.00128298,2.582,0.0116215,-0.00666782,0.00603421,2.58204
-0.579369,-0.00239506,0.00136296,-0.00123988,2.58194,0.0115233,-0.006613,0.0059835,2.58198
-0.57708,-0.0023309,0.00130848,-0.00125829,2.58206,0.0114243,-0.00655752,0.00594013,2.5821
-0.572326,-0.00231235,0.00132663,-0.00123984,2.58168,0.0113203,-0.00649676,0.00589374,2.58172
-0.577561,-0.00233326,0.00131386,-0.00122343,2.58194,0.01122,-0.00644615,0.0058446,2.58198
-0.572545,-0.00227868,0.00132043,-0.0011819,2.58172,0.0111165,-0.00638764,0.00579041,2.58175
-0.577553,-0.00220744,0.00127541,-0.00116252,2.582,0.0110207,-0.00633108,0.00574222,2.58204
-0.58276,-0.00226826,0.00128751,-0.00115784,2.5815,0.0109242,-0.00627569,0.00569841,2.58154
-0.574977,-0.00220411,0.00124739,-0.00115621,2.58193,0.010832,-0.00622555,0.00564836,2.58196
-0.563748,-0.00219947,0.00125399,-0.00114412,2.58109,0.010737,-0.00617601,0.00559919,2.58112
-0.568388,-0.00217345,0.0012545,-0.00115081,2.58158,0.0106417,-0.00612116,0.00555276,2.58161
-0.579293,-0.00217081,0.00127679,-0.00113678,2.58159,0.010552,-0.00607358,0.00550999,2.58163
-0.579131,-0.00214833,0.00124055,-0.00113948,2.58169,0.0104581,-0.00602143,0.00546677,2.58172
-0.572622,-0.00212267,0.00123046,-0.00110044,2.58167,0.0103672,-0.00596685,0.00542238,2.58171
-0.568234,-0.00211513,0.00120076,-0.0010505,2.58166,0.0102825,-0.00591704,0.00537314,2.58169
-0.579729,-0.00208603,0.00123149,-0.0011106,2.58198,0.0101948,-0.00587065,0.00532644,2.58201
-0.576859,-0.00211574,0.00118231,-0.00106855,2.58193,0.0101079,-0.00582055,0.00528162,2.58196
-0.57405,-0.00204962,0.0011762,-0.00108413,2.58194,0.0100196,-0.00576376,0.00523259,2.58197
-0.581158,-0.00203318,0.00120242,-0.00108803,2.58193,0.00992947,-0.00571512,0.0051837,2.58196
-0.57491,-0.00198089,0.00115545,-0.00107201,2.5818,0.00983668,-0.00566398,0.00513877,2.58183
-0.56633,-0.00198908,0.00116044,-0.00101715,2.58175,0.00975022,-0.00561338,0.00509024,2.58177
-0.575848,-0.00199593,0.00114789,-0.00107026,2.58188,0.00966746,-0.00556577,0.00504851,2.5819
-0.585465,-0.00197402,0.0011601,-0.00100994,2.58218,0.00958014,-0.00551619,0.00500213,2.5822
-0.572161,-0.00194603,0.00114325,-0.00102713,2.58183,0.00949242,-0.00546758,0.00496003,2.58186
-0.571319,-0.00191008,0.00112168,-0.00102525,2.58179,0.00940883,-0.00541902,0.00491602,2.58182
-0.571666,-0.00191321,0.00110983,-0.000978677,2.58204,0.0093263,-0.00537068,0.00487298,2.58206
-0.575692,-0.00193883,0.00110672,-0.000993616,2.58204,0.00924359,-0.00532084,0.00482957,2.58207
-0.573292,-0.00191353,0.00108444,-0.000961933,2.58187,0.00916158,-0.00527377,0.00478846,2.5819
-0.588575,-0.00188507,0.00107774,-0.000978584,2.58203,0.00908243,-0.00522914,0.00474751,2.58205
-0.578613,-0.00183477,0.00103567,-0.000983896,2.58183,0.00900701,-0.00518256,0.00470579,2.58185
-0.576641,-0.0018152,0.00107863,-0.000966639,2.58196,0.00892862,-0.00513981,0.00466874,2.58198
-0.570841,-0.00181777,0.00103583,-0.00093167,2.58188,0.00885137,-0.00509637,0.00462328,2.5819
-0.577588,-0.00178583,0.00104184,-0.000929843,2.58222,0.0087689,-0.00505062,0.00458204,2.58225
-0.578337,-0.00179608,0.00102344,-0.000932061,2.58192,0.0086915,-0.00500868,0.00454253,2.58194
-0.575511,-0.00179633,0.00103718,-0.000915587,2.58176,0.00861497,-0.00496522,0.00450201,2.58178
-0.581995,-0.00177817,0.000993841,-0.000959594,2.58188,0.00854303,-0.00492478,0.00446531,2.5819
-0.576257,-0.00171161,0.000975638,-0.000922797,2.58211,0.00846913,-0.00487903,0.00441883,2.58213
-0.577197,-0.00170283,0.000965117,-0.00090865,2.58183,0.0083913,-0.00483556,0.00438041,2.58185
-0.583436,-0.00173062,0.00100181,-0.000855798,2.58211,0.0083202,-0.00479041,0.00434463,2.58213
-0.576309,-0.00169987,0.000970742,-0.000871408,2.58215,0.00824518,-0.00474216,0.00430819,2.58217
-0.574318,-0.00165456,0.000971417,-0.000846836,2.5823,0.00817041,-0.00469798,0.00427311,2.58232
-0.578748,-0.00166906,0.000951777,-0.000870931,2.58215,0.00809426,-0.00465655,0.00423493,2.58217
-0.58272,-0.00165932,0.000955038,-0.00085892,2.58225,0.00802316,-0.00461525,0.00420177,2.58227
-0.585075,-0.00164605,0.000929697,-0.000859909,2.58188,0.00795178,-0.00457486,0.00416298,2.5819
-0.578139,-0.0016162,0.000922385,-0.000860459,2.58209,0.00788277,-0.00453706,0.00412695,2.58211
-0.578886,-0.00159327,0.000929202,-0.000870133,2.5815,0.00781484,-0.00449837,0.00409008,2.58152
-0.575799,-0.00158088,0.000925293,-0.000838823,2.58184,0.00774572,-0.00445847,0.00405258,2.58186
-0.573846,-0.00157375,0.000910648,-0.00084912,2.58201,0.0076762,-0.00442016,0.0040183,2.58203
-0.574643,-0.00155086,0.000881144,-0.000825837,2.58199,0.0076114,-0.0043844,0.00398242,2.58201
-0.579136,-0.00155206,0.000908759,-0.000818289,2.58199,0.00754702,-0.00434797,0.00394593,2.582
-0.57807,-0.00154502,0.000879289,-0.000801726,2.58198,0.00747761,-0.00430849,0.00391078,2.582
-0.575131,-0.00153689,0.000868601,-0.00080255,2.58187,0.00741477,-0.0042693,0.00387524,2.58189
-0.578254,-0.00149746,0.000866142,-0.000791194,2.58205,0.00734913,-0.00423498,0.00383996,2.58207
-0.572143,-0.00147497,0.000877334,-0.000784243,2.58188,0.00728479,-0.0041989,0.00380458,2.58189
-0.575376,-0.00148294,0.000846562,-0.00077022,2.58225,0.00722341,-0.00416322,0.00377073,2.58226
-0.582717,-0.00149072,0.000841913,-0.000776278,2.58192,0.00716059,-0.00412728,0.00373624,2.58193
-0.568951,-0.00147922,0.000843574,-0.000765982,2.58182,0.00710171,-0.00409445,0.00370305,2.58183
-0.570955,-0.00143574,0.000848788,-0.000760192,2.58198,0.00704123,-0.00405765,0.0036714,2.58199
-0.577295,-0.00145992,0.000832934,-0.000728256,2.58197,0.00698096,-0.00402134,0.00363555,2.58199
-0.575687,-0.00142048,0.000813842,-0.000744935,2.58217,0.00691804,-0.00398606,0.00360291,2.58219
-0.575517,-0.00140589,0.000802586,-0.000730861,2.58227,0.00685685,-0.00395089,0.00357138,2.58228
-0.57872,-0.00138454,0.000815638,-0.000718755,2.58223,0.0067958,-0.00391708,0.00353951,2.58225
-0.570426,-0.00138546,0.000808817,-0.000728546,2.58188,0.00673783,-0.00388461,0.00350503,2.58189
-0.57887,-0.00138784,0.00079795,-0.000733302,2.58192,0.0066782,-0.00385149,0.00347428,2.58193
-0.58196,-0.00133622,0.000796269,-0.000716697,2.5821,0.0066197,-0.00381942,0.00344387,2.58211
-0.58205,-0.00134756,0.000804769,-0.000694243,2.58213,0.00656209,-0.00378598,0.00341316,2.58214
-0.578565,-0.00133135,0.000776223,-0.000686728,2.58202,0.00650548,-0.00375571,0.00338354,2.58203
-0.573751,-0.00131798,0.000772519,-0.000706383,2.58192,0.00645046,-0.00372313,0.00335472,2.58194
-0.581599,-0.00129966,0.000745451,-0.000659378,2.58206,0.00639403,-0.00368923,0.00332437,2.58207
-0.581617,-0.0013253,0.000755738,-0.000677975,2.58211,0.00633758,-0.00365563,0.00329571,2.58213
-0.575913,-0.00128524,0.000725435,-0.000664964,2.58231,0.0062803,-0.00362365,0.00326688,2.58232
-0.564494,-0.00126523,0.000723456,-0.000664579,2.58193,0.006225,-0.00359136,0.00323875,2.58195
-0.566162,-0.0012807,0.000736685,-0.000648941,2.58189,0.00616915,-0.00355861,0.00321162,2.5819
-0.58632,-0.00124417,0.000740792,-0.000659965,2.58187,0.00611498,-0.00352991,0.00318427,2.58188
-0.582949,-0.001241,0.000713552,-0.000642268,2.58224,0.0060609,-0.00349903,0.00315645,2.58226
-0.569949,-0.00120958,0.00071796,-0.000632241,2.58226,0.00600595,-0.00346915,0.00312794,2.58227
-0.575223,-0.00121826,0.000724915,-0.00066331,2.5824,0.00595456,-0.00344095,0.00310294,2.58241
-0.577662,-0.00121202,0.000694957,-0.000615399,2.58214,0.0059011,-0.00341079,0.00307444,2.58215
-0.571304,-0.00119383,0.000693533,-0.000624336,2.58209,0.0058487,-0.00338202,0.00304817,2.5821
-0.579337,-0.00121701,0.000674051,-0.00062653,2.58217,0.00579736,-0.00335274,0.00302045,2.58218
-0.585786,-0.00118779,0.000686793,-0.000616453,2.58212,0.00574528,-0.00332284,0.00299345,2.58213
-0.57402,-0.00116149,0.000665002,-0.000613397,2.5818,0.00569388,-0.00329364,0.00296718,2.58181
-0.581466,-0.00117342,0.000699942,-0.00058833,2.58196,0.0056447,-0.0032674,0.00294053,2.58197
-0.573535,-0.00114774,0.000646449,-0.000565568,2.58173,0.0055958,-0.00323923,0.00291364,2.58174
-0.571628,-0.00113298,0.000666276,-0.000610111,2.58182,0.0055467,-0.0032134,0.00288966,2.58183
-0.574963,-0.00112332,0.000652145,-0.000566665,2.5822,0.00549733,-0.00318438,0.00286485,2.58221
-0.571084,-0.00111833,0.000656458,-0.000581124,2.58196,0.00544571,-0.00315619,0.00284216,2.58197
-0.571981,-0.00109561,0.000644043,-0.000567346,2.58224,0.00539957,-0.00312803,0.00281926,2.58224
-0.576752,-0.00110749,0.000642973,-0.000548975,2.58227,0.00535181,-0.00310096,0.00279484,2.58228
-0.567687,-0.00106214,0.000624257,-0.000567626,2.58213,0.00530275,-0.00307298,0.00277264,2.58214
-0.572914,-0.00108309,0.000626826,-0.000570842,2.58193,0.00525845,-0.00304511,0.0027467,2.58194
-0.576847,-0.00107689,0.000615808,-0.0005393,2.5819,0.00521298,-0.00301939,0.00272345,2.58191
-0.566007,-0.00106066,0.00062022,-0.000527016,2.58158,0.00516613,-0.00299356,0.00269703,2.58158
-0.574233,-0.00105356,0.00060546,-0.000572541,2.58231,0.00512165,-0.00296844,0.00267625,2.58232
-0.580172,-0.00106007,0.00060773,-0.000533325,2.58237,0.00507556,-0.00294173,0.00265089,2.58238
-0.573169,-0.00104636,0.000593085,-0.000542611,2.58211,0.00502975,-0.00291588,0.00262662,2.58212
-0.56397,-0.00101726,0.00058727,-0.000532058,2.58192,0.00498568,-0.00289017,0.00260437,2.58193
-0.572804,-0.00100757,0.00058328,-0.000521034,2.58195,0.00494191,-0.00286551,0.00258286,2.58195
-0.570503,-0.001018,0.00058137,-0.000534707,2.58217,0.00489732,-0.00284039,0.00256042,2.58218
-0.572058,-0.000989617,0.000582574,-0.000526927,2.5821,0.00485586,-0.0028158,0.00253846,2.58211
-0.582503,-0.000982119,0.00058005,-0.000487956,2.582,0.00481454,-0.00279309,0.00251549,2.58201
-0.577003,-0.000964538,0.000565413,-0.000503655,2.58205,0.00477128,-0.00276986,0.00249334,2.58206
-0.571496,-0.000975619,0.00056829,-0.000484628,2.5818,0.0047285,-0.00274637,0.00246968,2.5818
-0.579848,-0.000970013,0.000570899,-0.0005115,2.58183,0.0046881,-0.00272305,0.002447,2.58183
-0.575848,-0.000963908,0.000554093,-0.000510059,2.58186,0.00464864,-0.00269838,0.00242442,2.58187
-0.582806,-0.000943151,0.000564219,-0.00049141,2.58203,0.00461091,-0.00267618,0.00240342,2.58204
-0.580608,-0.000923353,0.000539075,-0.000503509,2.58229,0.00457275,-0.00265196,0.00238203,2.58229
-0.573408,-0.000927953,0.000527117,-0.000485496,2.58178,0.00453294,-0.00262858,0.00236156,2.58178
-0.578723,-0.000920059,0.000522737,-0.000483409,2.58205,0.00449429,-0.00260618,0.00234196,2.58205
-0.571837,-0.000924456,0.000539878,-0.000472278,2.58183,0.00445429,-0.00258299,0.0023198,2.58184
-0.576278,-0.000893615,0.000526689,-0.000470965,2.58227,0.00441385,-0.00255943,0.00230149,2.58227
-0.586813,-0.000918535,0.000518724,-0.000459785,2.58226,0.00437472,-0.0025363,0.00227901,2.58226
-0.571466,-0.000893022,0.000516612,-0.000461051,2.58212,0.00433676,-0.00251589,0.00226095,2.58213
-0.571886,-0.000913082,0.000517764,-0.000472762,2.58195,0.00430009,-0.00249376,0.00223904,2.58195
-0.579259,-0.000888476,0.000518176,-0.000445252,2.58197,0.00426288,-0.00247227,0.00221907,2.58198
-0.574399,-0.000875196,0.000509715,-0.000465009,2.58219,0.00422681,-0.00245069,0.00219881,2.5822
-0.580207,-0.00087137,0.00050459,-0.000452173,2.58204,0.00418965,-0.00242706,0.0021779,2.58205
-0.576736,-0.000850664,0.000493718,-0.000441844,2.582,0.00415459,-0.00240532,0.00215765,2.58201
-0.57043,-0.000828603,0.000488802,-0.000429635,2.58178,0.00411756,-0.00238446,0.00213871,2.58178
-0.578234,-0.000840569,0.000489664,-0.00044155,2.58232,0.00408112,-0.00236411,0.0021207,2.58233
-0.573567,-0.000822685,0.000480176,-0.000422969,2.58224,0.00404486,-0.00234275,0.00210079,2.58224
-0.569181,-0.000831573,0.000480075,-0.000440081,2.58208,0.00400794,-0.0023232,0.00208124,2.58208
-0.580843,-0.000813902,0.000474675,-0.000438227,2.58216,0.00397088,-0.00230324,0.00206436,2.58216
-0.580912,-0.000800443,0.000465584,-0.000413953,2.5821,0.00393471,-0.00228343,0.00204719,2.58211
-0.576169,-0.000799732,0.000462857,-0.000416069,2.58193,0.00390022,-0.00226349,0.00202803,2.58194
-0.569893,-0.000794485,0.000452337,-0.000402557,2.58173,0.00386761,-0.00224389,0.00200969,2.58173
-0.580393,-0.00076241,0.000448517,-0.000410298,2.58212,0.0038335,-0.00222402,0.00199332,2.58212
-0.584516,-0.000788584,0.000459784,-0.000401551,2.58227,0.00380121,-0.00220584,0.00197767,2.58227
-0.574694,-0.000780625,0.000450039,-0.000414279,2.58192,0.00376686,-0.00218608,0.0019601,2.58192
-0.568314,-0.000763987,0.000432144,-0.000405121,2.58197,0.00373327,-0.00216657,0.00194332,2.58198
-0.578502,-0.000776273,0.000450674,-0.000405519,2.58194,0.00370133,-0.00214878,0.00192738,2.58194
-0.573012,-0.00075839,0.000439313,-0.000405288,2.5821,0.0036704,-0.00212975,0.00191271,2.58211
-0.574006,-0.000766334,0.000435882,-0.000381943,2.58194,0.00363956,-0.00211134,0.00189714,2.58194
-0.575944,-0.00073089,0.000423509,-0.000379764,2.58209,0.0036058,-0.00209241,0.00188123,2.5821
-0.568636,-0.000731647,0.000421012,-0.000399285,2.58172,0.00357502,-0.00207418,0.00186676,2.58172
-0.57341,-0.000719895,0.000416495,-0.000390862,2.58192,0.00354502,-0.00205688,0.0018494,2.58192
-0.57341,-0.000713049,0.000420297,-0.000377897,2.58189,0.00351417,-0.00203928,0.00183408,2.58189
-0.574108,-0.000720624,0.000414725,-0.000382352,2.58179,0.00348377,-0.00202144,0.0018193,2.5818
-0.581929,-0.000708094,0.000404897,-0.000379281,2.58215,0.0034525,-0.00200267,0.00180279,2.58215
-0.576056,-0.000717716,0.000406205,-0.000362779,2.58202,0.00342376,-0.00198587,0.00178633,2.58202
-0.58076,-0.000689998,0.000412439,-0.000364417,2.58218,0.00339502,-0.00196814,0.00176974,2.58218
-0.577724,-0.00069118,0.000399838,-0.000358933,2.58204,0.00336444,-0.00195126,0.00175318,2.58204
-0.582076,-0.000687949,0.000404575,-0.000350035,2.58203,0.00333392,-0.00193392,0.00173747,2.58203
-0.579788,-0.000678341,0.000398787,-0.000350219,2.58204,0.00330536,-0.00191697,0.00172254,2.58204
-0.576509,-0.000669954,0.000395406,-0.000356213,2.58197,0.00327528,-0.00190057,0.00170695,2.58197
-0.581183,-0.000658702,0.000384098,-0.000331721,2.582,0.00324615,-0.00188391,0.00169212,2.582
-0.572314,-0.000663009,0.000387775,-0.000334013,2.582,0.00321781,-0.00186846,0.00167763,2.58201
-0.582628,-0.000656765,0.000381271,-0.0003343,2.58225,0.00318993,-0.00185233,0.00166333,2.58226
-0.579759,-0.000662957,0.000381622,-0.000331214,2.58223,0.00316198,-0.00183593,0.00164831,2.58224
-0.581349,-0.000647524,0.000368872,-0.000317021,2.58248,0.00313497,-0.00181906,0.00163317,2.58248
-0.569282,-0.000630595,0.000368239,-0.000337009,2.58196,0.00310592,-0.00180336,0.00161945,2.58196
-0.575241,-0.000632016,0.00036401,-0.000334015,2.58233,0.00308063,-0.00178826,0.00160553,2.58234
-0.582034,-0.000632553,0.000366062,-0.00034114,2.58237,0.00305399,-0.001773,0.00159074,2.58237
-0.569314,-0.000619226,0.00036406,-0.000325893,2.58209,0.0030287,-0.00175814,0.00157627,2.58209
-0.570445,-0.000633844,0.000355117,-0.000324449,2.58191,0.00300074,-0.00174174,0.00156227,2.58191
-0.573778,-0.000615206,0.000351051,-0.000324875,2.58219,0.00297476,-0.00172729,0.00154898,2.58219
-0.568567,-0.000601471,0.000354383,-0.000319001,2.58204,0.00294898,-0.00171299,0.00153697,2.58204
-0.573965,-0.000610209,0.000346275,-0.000307871,2.58187,0.0029241,-0.00169882,0.00152151,2.58187
-0.575846,-0.000599595,0.000353218,-0.00030783,2.58207,0.00290004,-0.00168489,0.00150819,2.58207
-0.574903,-0.000579147,0.000343723,-0.000301975,2.58215,0.00287474,-0.00166999,0.00149482,2.58215
-0.572387,-0.000598115,0.00034439,-0.000305833,2.58182,0.00285042,-0.00165445,0.00148221,2.58182
-0.5791,-0.0005667,0.000336129,-0.000297253,2.58196,0.00282658,-0.00163952,0.00146839,2.58196
-0.585013,-0.000577934,0.0003342,-0.000295597,2.58214,0.00280324,-0.00162552,0.00145644,2.58214
-0.577069,-0.000573603,0.000332102,-0.000296715,2.58253,0.00277656,-0.0016108,0.0014449,2.58253
-0.569196,-0.000569242,0.000327628,-0.000297911,2.5818,0.00275111,-0.00159645,0.00143169,2.5818
-0.569422,-0.000557185,0.000329116,-0.000294591,2.58179,0.00272769,-0.00158216,0.00141935,2.5818
-0.575127,-0.000570807,0.000324882,-0.000291743,2.58178,0.00270344,-0.00156889,0.00140636,2.58179
-0.582295,-0.000554301,0.000322579,-0.000294004,2.58222,0.00267824,-0.00155453,0.0013942,2.58223
-0.558468,-0.000543904,0.000311205,-0.000273168,2.58165,0.00265455,-0.00154149,0.00138158,2.58165
-0.569907,-0.000530559,0.000313653,-0.000299928,2.58203,0.00263281,-0.00152925,0.00136966,2.58204
-0.582807,-0.000542345,0.000323293,-0.000281643,2.58183,0.00261151,-0.00151614,0.00135718,2.58183
-0.575334,-0.000528852,0.000308699,-0.000293283,2.58197,0.00258921,-0.0015028,0.00134457,2.58198
-0.579939,-0.000528349,0.00030584,-0.000276453,2.58199,0.00256589,-0.00148929,0.00133359,2.58199
-0.571942,-0.00051939,0.000306739,-0.000260479,2.58198,0.00254363,-0.00147705,0.00132181,2.58198
-0.581826,-0.000525563,0.000301031,-0.000276194,2.58227,0.00252191,-0.00146409,0.00131146,2.58227
-0.571691,-0.00051415,0.000300978,-0.000272992,2.58186,0.00250071,-0.00145151,0.00130063,2.58187
-0.576954,-0.000509439,0.000296445,-0.00026206,2.58229,0.00248017,-0.00143972,0.00128979,2.58229
-0.578112,-0.000490826,0.000297696,-0.000255809,2.58247,0.00245843,-0.00142751,0.0012778,2.58247
-0.579667,-0.000500407,0.000289307,-0.000273121,2.58215,0.00243669,-0.0014144,0.00126601,2.58215
-0.568509,-0.000506823,0.000285036,-0.000260427,2.58226,0.00241624,-0.00140202,0.0012546,2.58227
-0.585409,-0.000490076,0.000288931,-0.000272904,2.58225,0.00239524,-0.00139031,0.00124267,2.58225
-0.574349,-0.000483725,0.000283837,-0.000260707,2.58199,0.00237482,-0.00137901,0.00123255,2.58199
-0.57644,-0.000480253,0.000277526,-0.000258557,2.58232,0.00235397,-0.00136681,0.00122216,2.58232
-0.570256,-0.000486031,0.00027808,-0.000236018,2.58206,0.00233428,-0.00135502,0.0012108,2.58207
-0.574478,-0.000471361,0.00027959,-0.000235205,2.58199,0.00231334,-0.00134345,0.00120162,2.58199
-0.577949,-0.000466343,0.000271552,-0.000248445,2.58232,0.00229337,-0.00133172,0.00119096,2.58232
-0.577569,-0.000475818,0.000268349,-0.000252345,2.58216,0.00227384,-0.00132046,0.0011801,2.58216
-0.571681,-0.000455388,0.000263999,-0.000243631,2.58202,0.0022547,-0.00130881,0.00116861,2.58202
-0.570134,-0.000456808,0.000263755,-0.000227767,2.58192,0.00223339,-0.00129808,0.00115821,2.58192
-0.578274,-0.000447868,0.000268147,-0.00023682,2.58224,0.00221458,-0.00128757,0.0011489,2.58224
-0.569774,-0.000448942,0.000261341,-0.000235106,2.58196,0.00219486,-0.00127626,0.00113758,2.58196
-0.575444,-0.000446926,0.000259607,-0.000234887,2.58226,0.00217466,-0.00126521,0.00112778,2.58226
-0.580613,-0.000450434,0.000257324,-0.000244496,2.58186,0.00215679,-0.0012542,0.00111774,2.58186
-0.581187,-0.000437224,0.000252995,-0.000244967,2.58221,0.00213804,-0.00124304,0.0011077,2.58221
-0.58376,-0.000438152,0.000252149,-0.000220657,2.58204,0.00212026,-0.00123195,0.00109788,2.58205
-0.57832,-0.000432953,0.000248605,-0.000235602,2.58206,0.00210124,-0.00122151,0.0010888,2.58206
-0.569525,-0.000429547,0.0002416,-0.000220515,2.5819,0.00208378,-0.00121048,0.00107905,2.58191
-0.570423,-0.000428759,0.000247877,-0.000217507,2.58225,0.0020658,-0.00119967,0.00107003,2.58225
-0.577972,-0.000427767,0.000243529,-0.000221957,2.58226,0.00204799,-0.00118884,0.00106151,2.58226
-0.577929,-0.000423255,0.000239037,-0.000210631,2.58175,0.0020319,-0.00117861,0.00105191,2.58175
-0.575335,-0.000413985,0.000240514,-0.000221789,2.58197,0.00201402,-0.00116841,0.00104272,2.58198
-0.577079,-0.000407605,0.000237187,-0.000213475,2.5821,0.00199616,-0.00115852,0.00103465,2.5821
-0.584955,-0.00039418,0.000238761,-0.000212426,2.58223,0.00197879,-0.00114827,0.00102461,2.58224
-0.579985,-0.000402317,0.000234713,-0.000209835,2.58233,0.00196249,-0.00113845,0.00101398,2.58233
-0.580615,-0.000405601,0.000229261,-0.000200004,2.58192,0.00194593,-0.00112802,0.00100374,2.58192
-0.578566,-0.000385645,0.000230355,-0.000205267,2.58173,0.00192799,-0.00111768,0.000995599,2.58173
-0.57824,-0.000403963,0.00022655,-0.000200636,2.58223,0.00191253,-0.00110768,0.000986918,2.58223
-0.579937,-0.000389563,0.000222211,-0.000203242,2.58207,0.00189526,-0.00109771,0.000978639,2.58208
-0.56959,-0.000366148,0.000226884,-0.000195201,2.58213,0.00187886,-0.00108824,0.000970222,2.58213
-0.560482,-0.000379402,0.000216114,-0.000213674,2.58184,0.0018622,-0.00107867,0.00096149,2.58184
-0.575293,-0.000376992,0.000218808,-0.000202201,2.58218,0.00184576,-0.00106934,0.000953714,2.58218
-0.586821,-0.000382538,0.00022155,-0.000192597,2.58185,0.00182975,-0.00105962,0.000945342,2.58185
-0.569008,-0.000352408,0.000214174,-0.000186386,2.58174,0.0018142,-0.00104992,0.000938178,2.58174
-0.573112,-0.000365466,0.000216573,-0.000186701,2.58185,0.00179851,-0.00104104,0.000928936,2.58185
-0.585486,-0.000367035,0.000213038,-0.00018752,2.58238,0.00178292,-0.0010315,0.000918968,2.58238
-0.576808,-0.000375943,0.000212948,-0.000187829,2.58215,0.00176734,-0.00102236,0.000911109,2.58215
-0.575672,-0.00036155,0.000208907,-0.000198878,2.58209,0.00175127,-0.00101334,0.000904287,2.58209
-0.578114,-0.000349054,0.00020958,-0.000181641,2.58203,0.0017356,-0.00100424,0.000895832,2.58203
-0.58234,-0.000361252,0.000203911,-0.000183242,2.58207,0.0017222,-0.000995659,0.00088927,2.58208
-0.569899,-0.00035508,0.000203147,-0.000190986,2.58196,0.00170884,-0.000987466,0.000881643,2.58196
-0.575991,-0.000345047,0.00020374,-0.000185343,2.58176,0.00169172,-0.000979108,0.000874754,2.58177
-0.580516,-0.000363451,0.000198496,-0.000175452,2.58213,0.00167708,-0.000970772,0.000866429,2.58213
-0.577443,-0.000344142,0.000196481,-0.000178822,2.58229,0.0016618,-0.000961824,0.000858478,2.58229
-0.573679,-0.000321797,0.000193928,-0.000171021,2.58176,0.00164521,-0.000953199,0.0008506,2.58176
-0.579924,-0.00033882,0.000190567,-0.000159882,2.58213,0.00163068,-0.000944843,0.000842848,2.58213
-0.575353,-0.000329232,0.000193521,-0.000171674,2.58206,0.00161716,-0.000937137,0.000835482,2.58206
-0.573089,-0.000340611,0.000190053,-0.000175123,2.58225,0.00160325,-0.000929276,0.000827779,2.58225
-0.583637,-0.000323165,0.000187619,-0.000172313,2.58229,0.00158946,-0.000921206,0.000820667,2.58229
-0.572994,-0.000330304,0.000182993,-0.00017242,2.58223,0.00157587,-0.000913547,0.000813361,2.58223
-0.568874,-0.000308358,0.000185708,-0.000164377,2.58224,0.00156272,-0.00090527,0.000806713,2.58224
-0.570319,-0.000320806,0.000184561,-0.000164256,2.58181,0.00154933,-0.000897537,0.000801258,2.58181
-0.581442,-0.000299616,0.000184727,-0.000161228,2.58233,0.00153538,-0.000889614,0.000793033,2.58233
-0.571631,-0.000305579,0.000177503,-0.000157231,2.58184,0.00152116,-0.000881143,0.000785672,2.58184
-0.573395,-0.000315477,0.000179679,-0.00014809,2.58214,0.00150801,-0.000873446,0.000779405,2.58214
-0.568379,-0.000303346,0.000175382,-0.00015021,2.58195,0.00149431,-0.000865825,0.000771593,2.58195
-0.577341,-0.000302226,0.000178001,-0.000153092,2.58195,0.00148103,-0.000858149,0.000765053,2.58196
-0.572945,-0.000315865,0.000176316,-0.000157121,2.58211,0.00146894,-0.000850906,0.00075765,2.58211
-0.573909,-0.000309178,0.000172161,-0.000149592,2.58198,0.0014565,-0.000843627,0.000750689,2.58198
-0.572808,-0.000295211,0.000172086,-0.000158191,2.58216,0.00144416,-0.000836153,0.000744727,2.58216
-0.57077,-0.000299559,0.000169049,-0.00014408,2.58161,0.00143102,-0.000828518,0.000737207,2.58161
-0.57496,-0.000292128,0.000171443,-0.00015023,2.58187,0.0014184,-0.000821317,0.000729691,2.58187
-0.573417,-0.000286909,0.000162894,-0.000137982,2.58174,0.0014068,-0.000813876,0.000723719,2.58174
-0.569339,-0.000286907,0.000164648,-0.000150671,2.58191,0.00139497,-0.00080695,0.000718403,2.58191
-0.57435,-0.000287158,0.000163312,-0.000149769,2.58187,0.00138326,-0.000800313,0.000712608,2.58187
-0.579652,-0.000284522,0.000162498,-0.000143389,2.58226,0.00136999,-0.000793236,0.000705864,2.58226
-0.572534,-0.000271247,0.000158836,-0.000140817,2.58159,0.00135962,-0.000786356,0.000699701,2.5816
-0.582676,-0.000274548,0.000157336,-0.000142738,2.58222,0.00134848,-0.000779545,0.000692815,2.58222
-0.574622,-0.00027465,0.0001594,-0.000141343,2.58233,0.00133551,-0.000772334,0.000686,2.58233
-0.576418,-0.000278487,0.000158868,-0.000131845,2.58196,0.00132397,-0.000765482,0.00068113,2.58196
-0.580492,-0.000277252,0.000151519,-0.000145116,2.58206,0.00131344,-0.000758384,0.000675449,2.58206
-0.571902,-0.000278184,0.000154199,-0.00014739,2.58177,0.0013009,-0.000751823,0.000670963,2.58177
-0.570419,-0.000251396,0.000155653,-0.000136911,2.58192,0.00128967,-0.000745424,0.000664693,2.58192
-0.586294,-0.000268295,0.00015631,-0.000125547,2.58209,0.00127934,-0.000738726,0.000658525,2.5821
-0.57393,-0.000263107,0.000149444,-0.000132268,2.582,0.00126903,-0.000732133,0.000652102,2.582
-0.584704,-0.000245767,0.000151107,-0.000133162,2.58233,0.00125779,-0.000725821,0.000646831,2.58233
-0.571353,-0.00026459,0.000150477,-0.000130202,2.58226,0.0012466,-0.000719659,0.000641108,2.58226
-0.582095,-0.00024792,0.000145066,-0.000125533,2.58252,0.0012358,-0.000713264,0.000635874,2.58252
-0.580177,-0.000252807,0.000143841,-0.00012856,2.58227,0.00122634,-0.000706981,0.000631536,2.58227
-0.583281,-0.000251638,0.000144284,-0.000132731,2.5825,0.00121425,-0.00070058,0.000626639,2.5825
-0.582144,-0.000261203,0.000144442,-0.000132366,2.58224,0.00120279,-0.000694418,0.00062195,2.58224
-0.583787,-0.000246479,0.000142637,-0.000117068,2.58216,0.00119207,-0.000688104,0.000615625,2.58217
-0.578686,-0.000239531,0.000138856,-0.000136998,2.58235,0.00118262,-0.000682148,0.000609891,2.58235
-0.57712,-0.000239407,0.000141584,-0.000112383,2.58186,0.00117258,-0.000676379,0.000604339,2.58186
-0.573321,-0.000231301,0.000137317,-0.000126865,2.58195,0.00116289,-0.000670838,0.000599561,2.58195
-0.569402,-0.00023374,0.000135944,-0.000128949,2.58227,0.00115378,-0.000665184,0.000594634,2.58227
-0.569004,-0.000249801,0.000135563,-0.000122525,2.58198,0.0011441,-0.000659167,0.000589651,2.58198
-0.577514,-0.000227022,0.000135999,-0.000114142,2.58189,0.00113445,-0.000653448,0.000584542,2.58189
-0.580734,-0.000232537,0.000133929,-0.000121103,2.58204,0.00112513,-0.000648101,0.000579741,2.58204
-0.581429,-0.000227177,0.00013159,-0.000112537,2.58164,0.00111591,-0.00064264,0.000574787,2.58164
-0.567358,-0.000221966,0.000130078,-0.000127621,2.5821,0.00110703,-0.000637284,0.000569768,2.5821
-0.573562,-0.00022681,0.00012976,-0.000126497,2.58223,0.00109731,-0.000631906,0.000566686,2.58223
-0.582415,-0.00025639,0.000129165,-0.000117372,2.58231,0.00108896,-0.000626382,0.000562085,2.58231
-0.581793,-0.00021134,0.000127488,-0.000122304,2.58242,0.00107927,-0.000620944,0.000556986,2.58242
-0.57269,-0.000215602,0.000127448,-0.0001104,2.58201,0.00106843,-0.000615658,0.000552449,2.58201
-0.577215,-0.000221228,0.000125929,-0.000112932,2.58205,0.00106061,-0.000610107,0.00054685,2.58205
-0.57564,-0.000223559,0.000124881,-0.000107315,2.58199,0.0010513,-0.000605051,0.000541032,2.58199
-0.577888,-0.000204168,0.000124004,-0.000109426,2.58229,0.0010417,-0.000600068,0.000536484,2.58229
-0.563491,-0.000197765,0.000120121,-9.98981e-05,2.58164,0.00103445,-0.000594954,0.00053175,2.58164
-0.578671,-0.000218038,0.000122172,-0.000119664,2.58218,0.00102535,-0.000590232,0.000526775,2.58218
-0.573258,-0.000205955,0.000119971,-0.000104213,2.58208,0.00101621,-0.000584899,0.000522202,2.58208
-0.576417,-0.000215947,0.000120736,-9.25753e-05,2.58236,0.00100738,-0.000579838,0.000517796,2.58236
-0.574733,-0.000203836,0.000115314,-0.000124288,2.58225,0.000999324,-0.000574409,0.000513014,2.58225
-0.570018,-0.000202301,0.000118896,-0.000108624,2.58201,0.00099016,-0.000569235,0.000508172,2.58201
-0.571481,-0.000199467,0.000115941,-0.000115464,2.58221,0.000981947,-0.000564138,0.000504075,2.58221
-0.569598,-0.000197313,0.000115432,-9.25144e-05,2.58182,0.00097351,-0.000559188,0.00049944,2.58182
-0.573612,-0.000202741,0.000114634,-9.69143e-05,2.58218,0.000965375,-0.000554492,0.000494609,2.58218
-0.572569,-0.00019495,0.000111999,-0.000117382,2.5817,0.000956089,-0.000549665,0.000489924,2.5817
-0.58193,-0.000193347,0.000112511,-0.000106931,2.58232,0.000948944,-0.000544985,0.000485664,2.58232
-0.584021,-0.000203083,0.000112747,-0.000101719,2.58232,0.000941993,-0.000540384,0.000481172,2.58232
-0.58289,-0.000194869,0.000110436,-9.78485e-05,2.58212,0.000934468,-0.000535778,0.000475883,2.58212
-0.576232,-0.000205064,0.000110308,-0.000102237,2.58208,0.000926697,-0.000531101,0.000472175,2.58208
-0.577752,-0.000196528,0.000108402,-9.37747e-05,2.58219,0.000918722,-0.000526606,0.000467397,2.58219
-0.582928,-0.000194887,0.000105614,-9.56374e-05,2.58232,0.000910876,-0.000521981,0.000461994,2.58232
-0.573176,-0.000179847,0.000106131,-0.000100084,2.58225,0.00090331,-0.000517071,0.000457902,2.58225
-0.582402,-0.000186448,0.000108137,-8.62471e-05,2.58192,0.00089525,-0.000512577,0.000453122,2.58192
-0.588967,-0.000186403,0.000106674,-9.34705e-05,2.58228,0.000886399,-0.000508257,0.000448319,2.58228
-0.577114,-0.000187798,0.000104358,-9.09117e-05,2.58208,0.000879796,-0.000503911,0.000445507,2.58208
-0.56555,-0.000173846,0.00010115,-8.2439e-05,2.58159,0.000872446,-0.000499458,0.000441658,2.58159
-0.573508,-0.000185918,0.000102205,-0.000100059,2.58198,0.000864826,-0.000494921,0.000439958,2.58198
-0.576395,-0.000182559,0.000101541,-9.58266e-05,2.58244,0.000857117,-0.000490363,0.00043453,2.58244
-0.573184,-0.000165471,9.79254e-05,-8.8183e-05,2.58217,0.000849374,-0.000485714,0.000430276,2.58217
-0.572161,-0.000175118,9.83218e-05,-8.79908e-05,2.58204,0.000841758,-0.000481371,0.000426468,2.58204
-0.564961,-0.000189094,9.81164e-05,-8.25645e-05,2.58201,0.000834987,-0.000477254,0.000422859,2.58201
-0.575788,-0.00017903,9.79236e-05,-9.09927e-05,2.58219,0.000827306,-0.000473209,0.000419271,2.58219
-0.577189,-0.000164311,9.61521e-05,-9.11672e-05,2.58171,0.000819619,-0.000469124,0.000416092,2.58171
-0.584405,-0.000186734,9.48837e-05,-8.4947e-05,2.582,0.000812905,-0.000465072,0.000413506,2.582
-0.575377,-0.00015959,9.56218e-05,-8.91739e-05,2.58246,0.000805484,-0.000461241,0.000410349,2.58246
-0.57667,-0.000163454,9.32789e-05,-8.99716e-05,2.58236,0.000798385,-0.000457219,0.000407142,2.58236
-0.576862,-0.000154217,9.30418e-05,-6.83661e-05,2.58223,0.000791094,-0.000453392,0.000403716,2.58223
-0.569273,-0.000147111,9.20803e-05,-7.27712e-05,2.58161,0.000783456,-0.000449556,0.000399277,2.58161
-0.572891,-0.000152566,9.15596e-05,-8.701e-05,2.58211,0.00077651,-0.0004456,0.00039676,2.58211
-0.577433,-0.000162524,9.08011e-05,-8.63932e-05,2.58216,0.000770512,-0.00044182,0.00039297,2.58216
-0.575677,-0.000168842,9.09569e-05,-7.97751e-05,2.58202,0.000763351,-0.000438142,0.000388566,2.58202
-0.582575,-0.000147151,8.98806e-05,-8.44264e-05,2.58222,0.000755472,-0.000434321,0.00038552,2.58222
-0.576495,-0.000135768,8.88355e-05,-7.18989e-05,2.58212,0.000749686,-0.000430622,0.00038135,2.58212
-0.577694,-0.000134888,8.81248e-05,-9.15505e-05,2.58183,0.000743697,-0.000427061,0.000377078,2.58183
-0.581679,-0.000162052,8.80484e-05,-7.56096e-05,2.58233,0.000737782,-0.000423326,0.000373735,2.58233
-0.572097,-0.000154217,8.51131e-05,-7.9327e-05,2.58228,0.000731225,-0.000419403,0.000370291,2.58228
-0.573838,-0.000156542,8.61256e-05,-6.15139e-05,2.58184,0.000724757,-0.000415707,0.000367433,2.58184
-0.571007,-0.000158862,8.34616e-05,-6.25832e-05,2.58194,0.000719148,-0.000412103,0.000364164,2.58194
-0.575424,-0.000155499,8.50322e-05,-7.74914e-05,2.58186,0.000712254,-0.000408394,0.000362888,2.58186
-0.581385,-0.000147305,8.26898e-05,-6.83553e-05,2.58216,0.000707848,-0.000404838,0.000360809,2.58216
-0.578622,-0.000147062,8.24041e-05,-5.88346e-05,2.58254,0.00070141,-0.000401216,0.000357878,2.58254
-0.585341,-0.000148728,8.19157e-05,-7.33857e-05,2.58207,0.000696268,-0.000397772,0.000354434,2.58207
-0.575305,-0.000129038,8.14848e-05,-6.60797e-05,2.58191,0.000690321,-0.000394153,0.000351246,2.58191
-0.579961,-0.000141502,8.11568e-05,-7.21205e-05,2.58211,0.000683448,-0.000390607,0.000348471,2.58211
-0.572712,-0.000136456,8.03766e-05,-6.9648e-05,2.58206,0.000677104,-0.000387349,0.000345395,2.58206
-0.569207,-0.000123834,7.94703e-05,-5.22997e-05,2.58179,0.00067148,-0.000384056,0.000340715,2.58179
-0.571335,-0.000135474,7.64922e-05,-6.72383e-05,2.58205,0.000666124,-0.000380751,0.000337718,2.58205
-0.574065,-0.00014962,7.69765e-05,-8.36561e-05,2.58204,0.000660742,-0.000377307,0.000335143,2.58204
-0.568294,-0.000131598,7.79464e-05,-6.66372e-05,2.5818,0.000654059,-0.00037408,0.000331871,2.5818
-0.572768,-0.000127389,7.63223e-05,-6.76637e-05,2.58171,0.000647812,-0.00037097,0.000329614,2.58171
-0.574004,-0.000135099,7.52243e-05,-7.90057e-05,2.5818,0.000641834,-0.000367805,0.000327491,2.5818
-0.579351,-0.000127481,7.41115e-05,-6.79248e-05,2.58198,0.000636497,-0.000364582,0.00032435,2.58198
-0.579133,-0.00012818,7.48836e-05,-5.9674e-05,2.58207,0.00063223,-0.000361403,0.000321522,2.58207
-0.571286,-0.00013089,7.30505e-05,-6.53968e-05,2.58218,0.000626809,-0.000358169,0.000319216,2.58218
-0.5798,-0.000122737,7.32367e-05,-7.94676e-05,2.5821,0.000620035,-0.000355029,0.000316413,2.5821
-0.562414,-0.000126508,7.09162e-05,-6.85936e-05,2.58193,0.000615624,-0.000352025,0.000314112,2.58193
-0.57104,-0.000135193,7.19661e-05,-7.48296e-05,2.58165,0.000610289,-0.000349053,0.000310896,2.58165
-0.573689,-0.000120718,7.1844e-05,-7.14487e-05,2.58187,0.00060499,-0.000346206,0.000308133,2.58187
-0.575986,-0.000122475,6.9702e-05,-5.00913e-05,2.58218,0.000599617,-0.000343159,0.00030578,2.58218
-0.577541,-0.000119664,7.05265e-05,-6.36993e-05,2.58206,0.000594457,-0.000340355,0.000303251,2.58206
-0.577604,-0.000117639,6.94028e-05,-5.70156e-05,2.58229,0.000588621,-0.000337302,0.000300917,2.58229
-0.575799,-0.000114027,6.93529e-05,-6.89013e-05,2.58209,0.000583345,-0.000334299,0.000297805,2.58209
-0.56651,-0.000129759,6.7955e-05,-5.99203e-05,2.58143,0.000578228,-0.000331416,0.000294854,2.58143
-0.568423,-0.000109493,6.9109e-05,-6.21782e-05,2.58204,0.000574417,-0.000328617,0.00029161,2.58204
-0.574108,-0.000117093,6.81439e-05,-5.87072e-05,2.58204,0.000569449,-0.000325822,0.000288767,2.58204
-0.573203,-0.000116586,6.56915e-05,-6.34901e-05,2.58224,0.000564746,-0.000322995,0.000286041,2.58224
-0.578618,-0.000120453,6.6115e-05,-4.17734e-05,2.58219,0.000558565,-0.000320001,0.000283424,2.58219
-0.584849,-0.000105095,6.54193e-05,-4.43498e-05,2.58217,0.000552695,-0.000317086,0.000280758,2.58217
-0.575944,-0.000108126,6.475e-05,-5.44402e-05,2.58218,0.00054823,-0.000314197,0.000279585,2.58218
-0.578481,-0.000113178,6.45826e-05,-5.24111e-05,2.58216,0.000542906,-0.000311408,0.000277291,2.58216
-0.573718,-0.000118105,6.2938e-05,-5.80229e-05,2.58174,0.000539445,-0.000308453,0.000273539,2.58174
-0.585178,-0.000103969,6.31884e-05,-5.1216e-05,2.58213,0.00053456,-0.000305862,0.000270466,2.58213
-0.579234,-0.00011587,6.33415e-05,-5.23494e-05,2.582,0.000530671,-0.000303287,0.000268002,2.582
-0.572558,-0.000101262,6.04978e-05,-5.99492e-05,2.58212,0.000525549,-0.000300555,0.00026675,2.58212
-0.578835,-0.000104693,6.05359e-05,-6.07266e-05,2.5819,0.000520758,-0.000297903,0.00026635,2.5819
-0.577958,-9.94333e-05,6.07563e-05,-4.72253e-05,2.58203,0.000516575,-0.000295157,0.000263749,2.58203
-0.575609,-0.000106416,6.07322e-05,-5.81807e-05,2.58229,0.000512545,-0.000292519,0.000260956,2.58229
-0.579371,-0.000109315,5.9025e-05,-5.48302e-05,2.58238,0.000508474,-0.000289867,0.000259335,2.58238
-0.579466,-0.000100655,5.89404e-05,-4.68329e-05,2.58214,0.000503946,-0.000287424,0.000257603,2.58214
-0.569571,-0.000103769,5.87462e-05,-5.08296e-05,2.58196,0.000499618,-0.000284923,0.000254674,2.58196
-0.568624,-9.20355e-05,5.80229e-05,-4.19235e-05,2.58189,0.000495809,-0.000282365,0.000253367,2.58189
-0.579164,-9.28442e-05,5.80463e-05,-4.8007e-05,2.58221,0.000491084,-0.000279899,0.000251323,2.58221
-0.582515,-0.000103566,5.75175e-05,-4.72239e-05,2.58228,0.000487071,-0.000277613,0.000249175,2.58228
-0.575141,-0.000106576,5.59442e-05,-4.4052e-05,2.58188,0.000482839,-0.000275205,0.000246865,2.58188
-0.577679,-0.00011318,5.63448e-05,-5.14542e-05,2.58203,0.000479658,-0.000272706,0.000244818,2.58203
-0.577872,-9.00336e-05,5.51483e-05,-4.89692e-05,2.58199,0.000475917,-0.000270188,0.000242138,2.58199
-0.576355,-9.78321e-05,5.39869e-05,-4.84118e-05,2.58214,0.000471949,-0.000267857,0.000240251,2.58214
-0.579779,-9.59697e-05,5.48961e-05,-3.60048e-05,2.58189,0.000468384,-0.000265566,0.000235358,2.58189
-0.585358,-7.97408e-05,5.44692e-05,-4.35466e-05,2.5824,0.000464651,-0.000263252,0.000233501,2.5824
-0.576113,-9.17497e-05,5.30344e-05,-4.85318e-05,2.58247,0.000461445,-0.000260768,0.000231678,2.58247
-0.575125,-8.13284e-05,5.29437e-05,-5.00107e-05,2.58204,0.000457336,-0.000258511,0.000230487,2.58204
-0.578368,-0.000102289,5.34332e-05,-3.84522e-05,2.58244,0.000454354,-0.000256232,0.000228698,2.58244
-0.57206,-9.34543e-05,5.27377e-05,-4.66877e-05,2.58184,0.00045063,-0.000253939,0.000225662,2.58184
-0.581252,-0.000104634,5.22522e-05,-4.24259e-05,2.58225,0.000447876,-0.000251664,0.00022435,2.58225
-0.576233,-8.7828e-05,5.08808e-05,-4.79406e-05,2.58173,0.000442462,-0.00024948,0.000223066,2.58173
-0.579474,-9.39697e-05,5.15332e-05,-4.19398e-05,2.58201,0.000438756,-0.000247409,0.000221441,2.58201
-0.579188,-8.43676e-05,5.07828e-05,-5.62715e-05,2.58197,0.00043472,-0.000245289,0.000219945,2.58197
-0.57876,-9.0581e-05,4.95035e-05,-4.99056e-05,2.58235,0.000431338,-0.000243236,0.000218118,2.58235
-0.571326,-0.000100518,5.05038e-05,-3.0972e-05,2.58206,0.000427398,-0.000241024,0.000215494,2.58206
-0.567547,-9.21989e-05,4.86967e-05,-4.51887e-05,2.58175,0.000423664,-0.000238866,0.000214486,2.58175
-0.581643,-8.2167e-05,4.84483e-05,-5.34044e-05,2.58195,0.000420315,-0.000236773,0.000211737,2.58195
-0.58103,-7.96915e-05,4.89155e-05,-3.35384e-05,2.58211,0.000415736,-0.000234697,0.000209667,2.58211
-0.570694,-8.5824e-05,4.79857e-05,-3.60488e-05,2.5821,0.000413278,-0.000232747,0.000206468,2.5821
-0.573051,-8.35258e-05,4.71569e-05,-4.30594e-05,2.582,0.00040967,-0.000230834,0.000205055,2.582
-0.579585,-7.94973e-05,4.68024e-05,-4.17778e-05,2.58209,0.000406779,-0.000228785,0.000202831,2.58209
-0.576058,-7.96472e-05,4.57595e-05,-3.37978e-05,2.58185,0.000402848,-0.000226797,0.000199883,2.58185
-0.561347,-8.2087e-05,4.61054e-05,-4.57062e-05,2.58195,0.000399676,-0.000224891,0.000197811,2.58195
-0.570281,-8.03448e-05,4.60521e-05,-4.99226e-05,2.58219,0.000395971,-0.000222901,0.000197585,2.58219
-0.566042,-6.76956e-05,4.52526e-05,-3.23507e-05,2.58188,0.000392344,-0.000220906,0.00019607,2.58188
-0.571709,-8.63359e-05,4.4834e-05,-4.41948e-05,2.58237,0.000390311,-0.000218985,0.000195551,2.58237
-0.575454,-7.80823e-05,4.53149e-05,-2.89904e-05,2.58218,0.00038666,-0.000217148,0.000193877,2.58218
-0.570351,-6.62685e-05,4.40356e-05,-6.07457e-05,2.58219,0.000382099,-0.00021519,0.000192492,2.58219
-0.581938,-8.10322e-05,4.41056e-05,-3.14033e-05,2.58215,0.000378946,-0.000213315,0.000189395,2.58215
-0.572919,-8.05137e-05,4.31617e-05,-4.91575e-05,2.58185,0.000373897,-0.000211365,0.000188456,2.58185
-0.566327,-7.37645e-05,4.21778e-05,-3.55733e-05,2.58217,0.000370087,-0.000209476,0.000186959,2.58217
-0.572392,-7.27905e-05,4.24812e-05,-5.03408e-05,2.58206,0.000365918,-0.000207644,0.000185923,2.58206
-0.580206,-8.78602e-05,4.22876e-05,-3.17445e-05,2.58245,0.000362492,-0.000205773,0.000185073,2.58245
-0.574952,-7.26611e-05,4.25641e-05,-3.86974e-05,2.58231,0.000360755,-0.000203991,0.000184425,2.58231
-0.577614,-7.71807e-05,4.10907e-05,-3.94946e-05,2.58183,0.00035781,-0.000202317,0.000183237,2.58183
-0.582961,-7.77247e-05,4.16834e-05,-3.25741e-05,2.58214,0.000354009,-0.000200609,0.000180699,2.58214
-0.581628,-7.7318e-05,4.09462e-05,-2.58328e-05,2.58178,0.000351301,-0.000198896,0.000178332,2.58178
-0.578,-8.44167e-05,4.12272e-05,-3.76253e-05,2.58209,0.000347728,-0.000197254,0.000176792,2.58209
-0.572309,-6.93454e-05,3.94089e-05,-3.58788e-05,2.5821,0.000345409,-0.00019556,0.000175442,2.5821
-0.568709,-7.1296e-05,3.95885e-05,-4.05535e-05,2.58187,0.000343157,-0.000193877,0.000172714,2.58187
-0.572378,-7.8979e-05,3.90075e-05,-3.90897e-05,2.58178,0.000339416,-0.000192247,0.00017102,2.58178
-0.576615,-6.80937e-05,3.97476e-05,-3.36939e-05,2.58234,0.000337144,-0.000190588,0.00017004,2.58234
-0.566374,-7.23363e-05,3.85242e-05,-4.63574e-05,2.58212,0.000333239,-0.000188888,0.00016872,2.58212
-0.579192,-6.63658e-05,3.86242e-05,-4.82836e-05,2.58215,0.000331028,-0.000187226,0.00016646,2.58215
-0.574667,-6.73913e-05,3.79375e-05,-3.45788e-05,2.58228,0.000327179,-0.000185576,0.000164341,2.58228
-0.571761,-6.73828e-05,3.76211e-05,-4.37392e-05,2.58214,0.000323198,-0.000183994,0.000163024,2.58214
-0.579397,-7.46172e-05,3.80929e-05,-3.68e-05,2.58224,0.000320541,-0.000182436,0.000160913,2.58224
-0.57201,-7.36981e-05,3.70614e-05,-2.4268e-05,2.582,0.000316454,-0.000180841,0.000160272,2.582
-0.575686,-6.30477e-05,3.66141e-05,-4.28746e-05,2.58221,0.000313211,-0.000179196,0.000157994,2.58221
-0.572472,-6.00054e-05,3.68438e-05,-4.61847e-05,2.58206,0.000310215,-0.000177712,0.000156497,2.58206
-0.577242,-6.89921e-05,3.66348e-05,-4.79915e-05,2.58205,0.000308484,-0.000176214,0.000155551,2.58205
-0.571546,-6.40046e-05,3.61655e-05,-3.73375e-05,2.58176,0.000305415,-0.000174666,0.000153743,2.58176
-0.57013,-5.09673e-05,3.61454e-05,-2.72288e-05,2.58199,0.00030243,-0.000173247,0.000151165,2.58199
-0.577911,-6.94249e-05,3.5414e-05,-3.1462e-05,2.58193,0.000298621,-0.000171736,0.000149774,2.58193
-0.581525,-5.40299e-05,3.54641e-05,-3.29705e-05,2.58228,0.000295532,-0.000170298,0.000148883,2.58228
-0.581643,-6.17025e-05,3.51685e-05,-2.73488e-05,2.58219,0.000293475,-0.000168801,0.000147604,2.58219
-0.58052,-7.63768e-05,3.45988e-05,-3.19008e-05,2.58199,0.00029115,-0.000167401,0.000145784,2.58199
-0.582006,-5.64263e-05,3.42817e-05,-4.01899e-05,2.58217,0.000287905,-0.000165979,0.000145104,2.58217
-0.575354,-6.03831e-05,3.35596e-05,-2.86767e-05,2.58221,0.000285998,-0.000164544,0.00014267,2.58221
-0.579245,-6.13417e-05,3.38221e-05,-2.95833e-05,2.58192,0.000283423,-0.00016312,0.000140585,2.58192
-0.576148,-4.68085e-05,3.36201e-05,-3.6119e-05,2.58179,0.000281337,-0.000161697,0.000140553,2.58179
-0.568133,-7.0777e-05,3.25591e-05,-3.66792e-05,2.58193,0.000279334,-0.000160241,0.000138386,2.58193
-0.578016,-5.03081e-05,3.25591e-05,-3.18167e-05,2.58208,0.000276093,-0.000158826,0.000137916,2.58208
-0.576477,-5.62642e-05,3.21294e-05,-2.46574e-05,2.58207,0.000274618,-0.000157404,0.000135861,2.58207
-0.571493,-5.33454e-05,3.23883e-05,-2.25987e-05,2.58218,0.000272558,-0.000156009,0.000135246,2.58218
-0.571764,-5.55106e-05,3.18712e-05,-2.1681e-05,2.58166,0.000269208,-0.000154659,0.000133573,2.58166
-0.584473,-6.59252e-05,3.19172e-05,-1.76552e-05,2.58212,0.000267103,-0.000153239,0.000131066,2.58212
-0.576493,-6.17949e-05,3.14393e-05,-1.50444e-05,2.58203,0.000264344,-0.000151842,0.000129466,2.58203
-0.577545,-5.94134e-05,3.0846e-05,-3.011e-05,2.58191,0.000263189,-0.000150524,0.000127552,2.58191
-0.580433,-4.35278e-05,3.0447e-05,-2.31432e-05,2.58244,0.000261052,-0.00014923,0.000125425,2.58244
-0.576633,-4.66269e-05,3.03665e-05,-2.03481e-05,2.58237,0.00025862,-0.00014794,0.000123139,2.58237
-0.586449,-5.99101e-05,3.04191e-05,-3.0512e-05,2.58245,0.000256045,-0.000146627,0.000122122,2.58245
-0.578072,-5.06664e-05,2.9447e-05,-3.61037e-05,2.58215,0.000254294,-0.0001453,0.000121855,2.58215
-0.577071,-4.9056e-05,2.95753e-05,-1.36446e-05,2.58237,0.000252492,-0.000144053,0.000121447,2.58237
-0.581839,-5.34959e-05,2.93109e-05,-2.85602e-05,2.58214,0.000250254,-0.000142751,0.000120567,2.58214
-0.579134,-6.16438e-05,2.92466e-05,-2.69722e-05,2.58203,0.000248365,-0.000141532,0.000120247,2.58203
-0.582538,-5.12275e-05,2.90251e-05,-2.00392e-05,2.58216,0.000246351,-0.000140304,0.00012028,2.58216
-0.570585,-3.64447e-05,2.86106e-05,-3.1287e-05,2.5821,0.000243372,-0.000139083,0.000119159,2.5821
-0.58294,-4.96456e-05,2.87083e-05,-2.49713e-05,2.58207,0.000241138,-0.000137904,0.000118625,2.58207
-0.577002,-3.7166e-05,2.81605e-05,-2.20355e-05,2.58195,0.000237783,-0.00013674,0.000117934,2.58195
-0.56771,-4.83414e-05,2.77225e-05,-2.6496e-05,2.58206,0.000236427,-0.000135542,0.000116701,2.58206
-0.58274,-5.25887e-05,2.74884e-05,-2.27507e-05,2.58191,0.000235069,-0.000134375,0.000115755,2.58191
-0.573507,-4.79646e-05,2.73104e-05,-2.24314e-05,2.5822,0.000232639,-0.000133174,0.000114675,2.5822
-0.579832,-4.81059e-05,2.72206e-05,-1.33009e-05,2.58231,0.000230821,-0.000132052,0.000113044,2.58231
-0.581687,-3.66191e-05,2.70158e-05,-3.13889e-05,2.58206,0.000229277,-0.0001309,0.000112602,2.58206
-0.58332,-5.32348e-05,2.69006e-05,-1.64668e-05,2.58197,0.000227935,-0.000129815,0.000111505,2.58197
-0.581173,-5.14783e-05,2.64617e-05,-1.52057e-05,2.58207,0.000226392,-0.000128708,0.000111934,2.58207
-0.571082,-4.31923e-05,2.61684e-05,-2.32194e-05,2.58182,0.00022389,-0.000127569,0.000110514,2.58182
-0.583857,-4.96287e-05,2.63312e-05,-2.66994e-05,2.58193,0.000221297,-0.000126435,0.000110048,2.58193
-0.583469,-4.24414e-05,2.62873e-05,-2.65665e-05,2.58235,0.000219391,-0.000125302,0.000108991,2.58235
-0.575494,-3.99668e-05,2.56318e-05,-1.56462e-05,2.58231,0.000217879,-0.000124138,0.000108207,2.58231
-0.569572,-4.42437e-05,2.52817e-05,-2.86843e-05,2.58233,0.000216829,-0.000123064,0.000107415,2.58233
-0.572248,-3.97134e-05,2.51167e-05,-1.29653e-05,2.582,0.000214465,-0.000121981,0.000106355,2.582
-0.576983,-5.08864e-05,2.52564e-05,-1.74535e-05,2.58215,0.00021261,-0.000120905,0.000104952,2.58215
-0.570615,-4.55213e-05,2.45929e-05,-4.18524e-05,2.58145,0.000210876,-0.000119855,0.00010541,2.58145
-0.591228,-5.94279e-05,2.48111e-05,-1.29526e-05,2.58256,0.00021043,-0.00011884,0.000103232,2.58256
-0.576908,-5.20747e-05,2.41191e-05,-1.6992e-05,2.58216,0.000209704,-0.000117769,0.000102467,2.58216
-0.577806,-4.28318e-05,2.42024e-05,-2.99367e-05,2.5821,0.000207234,-0.000116781,0.000102539,2.5821
-0.578858,-3.94019e-05,2.37686e-05,-2.2185e-05,2.58187,0.000205805,-0.000115821,0.000101409,2.58187
-0.57648,-5.09982e-05,2.33934e-05,-4.19636e-06,2.58206,0.00020429,-0.00011484,9.95919e-05,2.58206
-0.582824,-5.10262e-05,2.34555e-05,-3.05983e-05,2.58236,0.00020341,-0.000113905,9.79312e-05,2.58236
-0.573101,-3.69201e-05,2.29872e-05,-6.70227e-06,2.5818,0.000200787,-0.000112836,9.62083e-05,2.5818
-0.579957,-4.7326e-05,2.26859e-05,-1.89478e-05,2.58192,0.000197586,-0.000111876,9.62192e-05,2.58192
-0.568956,-2.96262e-05,2.27526e-05,-2.19486e-05,2.58226,0.000195635,-0.000110892,9.41048e-05,2.58226
-0.580562,-4.70015e-05,2.25548e-05,-2.20373e-05,2.58227,0.000193446,-0.000109894,9.31532e-05,2.58227
-0.574722,-4.6657e-05,2.22807e-05,-1.54064e-05,2.58207,0.000191602,-0.000108945,9.18208e-05,2.58207
-0.576844,-5.58167e-05,2.20479e-05,-3.14733e-05,2.58217,0.000191665,-0.000107971,9.08062e-05,2.58217
-0.571588,-4.46093e-05,2.2083e-05,-1.87829e-05,2.58197,0.000190094,-0.000107012,9.06551e-05,2.58197
-0.572566,-4.22307e-05,2.18072e-05,-6.219e-06,2.58204,0.000189114,-0.000106068,9.02223e-05,2.58204
-0.576168,-3.85693e-05,2.17537e-05,-2.51869e-05,2.58219,0.000185739,-0.000105143,9.03372e-05,2.58219
-0.569335,-3.06424e-05,2.10098e-05,-1.83966e-05,2.58182,0.000185249,-0.000104257,8.95415e-05,2.58182
-0.58603,-4.02715e-05,2.14359e-05,-1.86394e-05,2.58227,0.000183142,-0.000103365,8.84158e-05,2.58227
-0.580698,-3.16833e-05,2.09271e-05,-7.35791e-06,2.58209,0.000180494,-0.000102448,8.87757e-05,2.58209
-0.569929,-3.86858e-05,2.09402e-05,-2.06745e-05,2.58234,0.000177929,-0.00010157,8.81458e-05,2.58234
-0.578342,-5.03853e-05,2.09113e-05,-1.06938e-05,2.5824,0.000175501,-0.000100671,8.83621e-05,2.5824
-0.587543,-3.79445e-05,2.08812e-05,-1.93076e-06,2.58232,0.000172253,-9.97734e-05,8.7466e-05,2.58232
-0.568453,-4.40731e-05,2.01448e-05,-1.23441e-05,2.58183,0.000171296,-9.89201e-05,8.71886e-05,2.58183
-0.575332,-3.46547e-05,2.00405e-05,-1.27558e-05,2.58193,0.000169863,-9.80637e-05,8.73462e-05,2.58193
-0.575143,-2.17176e-05,1.96789e-05,-2.01693e-05,2.58219,0.000166381,-9.71895e-05,8.71854e-05,2.58219
-0.57198,-3.17548e-05,1.95303e-05,-8.0544e-06,2.58234,0.000165255,-9.63328e-05,8.55104e-05,2.58234
-0.578267,-3.6065e-05,1.97878e-05,-2.15928e-06,2.58228,0.00016412,-9.54811e-05,8.67116e-05,2.58228
-0.575392,-3.30903e-05,1.93212e-05,-1.94568e-05,2.5822,0.000161369,-9.46513e-05,8.593e-05,2.5822
-0.577262,-4.46408e-05,1.9429e-05,-1.90974e-05,2.58233,0.000159373,-9.38232e-05,8.40394e-05,2.58233
-0.573263,-3.16245e-05,1.88565e-05,-1.33881e-05,2.58205,0.000158304,-9.30607e-05,8.33023e-05,2.58205
-0.575936,-3.24174e-05,1.88597e-05,-1.89626e-05,2.58239,0.000156474,-9.22696e-05,8.19391e-05,2.58239
-0.584483,-2.90775e-05,1.89831e-05,-1.5461e-05,2.58221,0.000155109,-9.14493e-05,8.08792e-05,2.58221
-0.57226,-3.58668e-05,1.8571e-05,-1.66789e-05,2.58171,0.000152855,-9.06247e-05,7.9911e-05,2.58171
-0.580849,-2.6588e-05,1.8702e-05,-1.55477e-05,2.58208,0.000152044,-8.98349e-05,7.91208e-05,2.58208
-0.572411,-3.72703e-05,1.82151e-05,-1.31659e-05,2.58181,0.000150938,-8.90512e-05,7.86817e-05,2.58181
-0.577667,-3.21662e-05,1.80412e-05,-1.54591e-05,2.58213,0.000149452,-8.82778e-05,7.82276e-05,2.58213
-0.569658,-2.99064e-05,1.79859e-05,-1.47984e-05,2.5821,0.000147241,-8.7504e-05,7.75052e-05,2.5821
-0.567313,-3.30953e-05,1.78082e-05,-1.69726e-05,2.58173,0.000146886,-8.67319e-05,7.52448e-05,2.58173
-0.576318,-2.97185e-05,1.74958e-05,-1.01618e-05,2.58247,0.000145726,-8.59673e-05,7.56662e-05,2.58247
-0.583883,-3.52365e-05,1.76642e-05,-2.82174e-05,2.58241,0.000143574,-8.51814e-05,7.47364e-05,2.58241
-0.574134,-2.16179e-05,1.73047e-05,-5.87915e-06,2.58207,0.00014338,-8.44501e-05,7.21066e-05,2.58207
-0.571684,-2.43847e-05,1.69654e-05,-9.41182e-06,2.58219,0.000142053,-8.37022e-05,7.23736e-05,2.58219
-0.568707,-2.82893e-05,1.70244e-05,-1.56048e-05,2.58199,0.000140818,-8.29793e-05,7.13554e-05,2.58199
-0.574872,-2.67931e-05,1.71957e-05,-1.64443e-05,2.58212,0.000140561,-8.22903e-05,7.13127e-05,2.58212
-0.576641,-2.60283e-05,1.68087e-05,-1.57065e-05,2.58192,0.000137474,-8.1563e-05,7.05807e-05,2.58192
-0.568394,-2.69106e-05,1.67402e-05,-2.48551e-05,2.58182,0.000135229,-8.0889e-05,7.02995e-05,2.58182
-0.573675,-2.56724e-05,1.65022e-05,-1.82308e-05,2.58201,0.000134173,-8.01841e-05,6.9198e-05,2.58201
-0.577104,-2.37465e-05,1.61414e-05,-1.33046e-05,2.58229,0.00013361,-7.94569e-05,6.8322e-05,2.58229
-0.580501,-4.11351e-05,1.61613e-05,-8.75358e-06,2.58203,0.000132537,-7.87717e-05,6.74681e-05,2.58203
-0.571154,-2.26194e-05,1.60981e-05,-1.26958e-05,2.58205,0.000130964,-7.80955e-05,6.7016e-05,2.58205
-0.577535,-1.98311e-05,1.58619e-05,-5.65317e-06,2.58196,0.000129243,-7.74152e-05,6.73126e-05,2.58196
-0.575191,-1.93243e-05,1.59463e-05,-1.79864e-05,2.58218,0.00012917,-7.67385e-05,6.74476e-05,2.58218
-0.574834,-1.85912e-05,1.55795e-05,-1.37331e-05,2.58187,0.000127735,-7.60334e-05,6.80843e-05,2.58187
-0.572381,-3.45287e-05,1.55533e-05,-1.90878e-05,2.58213,0.000127324,-7.53925e-05,6.71177e-05,2.58213
-0.57947,-1.73838e-05,1.5194e-05,-2.14506e-05,2.58232,0.000125797,-7.47604e-05,6.71798e-05,2.58232
-0.578345,-3.73434e-05,1.52057e-05,-1.55837e-05,2.5823,0.000126319,-7.40941e-05,6.63888e-05,2.5823
-0.574912,-2.39138e-05,1.52864e-05,-2.47881e-05,2.58223,0.000126699,-7.34535e-05,6.66779e-05,2.58223
-0.57833,-2.7619e-05,1.49583e-05,-8.83011e-06,2.58219,0.000124559,-7.281e-05,6.49224e-05,2.58219
-0.578129,-1.69303e-05,1.48941e-05,-2.05355e-05,2.58208,0.000123568,-7.2184e-05,6.39354e-05,2.58208
-0.581115,-2.93481e-05,1.47888e-05,-7.89792e-06,2.58203,0.000123287,-7.15468e-05,6.29143e-05,2.58203
-0.578482,-2.19082e-05,1.43064e-05,-1.43966e-05,2.58192,0.000122622,-7.09306e-05,6.12586e-05,2.58192
-0.57121,-2.24706e-05,1.44185e-05,-1.23149e-05,2.58206,0.000122147,-7.03297e-05,6.06263e-05,2.58206
-0.581111,-2.3243e-05,1.42517e-05,-1.0671e-05,2.58227,0.000120876,-6.97227e-05,6.16247e-05,2.58227
-0.579166,-1.25449e-05,1.43272e-05,-2.61916e-05,2.58221,0.000119155,-6.90844e-05,6.05682e-05,2.58221
-0.58433,-2.37759e-05,1.41291e-05,-2.20148e-05,2.58222,0.000117719,-6.84706e-05,6.06271e-05,2.58222
-0.584575,-2.95129e-05,1.38349e-05,-1.90087e-05,2.58258,0.000116713,-6.78642e-05,6.00161e-05,2.58258
-0.580017,-2.11969e-05,1.38863e-05,-1.35166e-05,2.58243,0.000114169,-6.72652e-05,5.92335e-05,2.58243
-0.578485,-2.23221e-05,1.36235e-05,-1.11841e-05,2.58213,0.000112613,-6.66695e-05,5.79915e-05,2.58213
-0.568683,-2.68137e-05,1.34046e-05,-9.37835e-06,2.5819,0.000111735,-6.60858e-05,5.73124e-05,2.5819
-0.570906,-2.80853e-06,1.34802e-05,-1.84855e-05,2.58221,0.000110548,-6.54931e-05,5.58209e-05,2.58221
-0.569926,-4.6922e-05,1.31987e-05,-7.68104e-06,2.58192,0.000110022,-6.49093e-05,5.60338e-05,2.58192
-0.57079,-3.01189e-05,1.32308e-05,-1.06551e-05,2.58187,0.000109313,-6.43464e-05,5.63208e-05,2.58187
-0.575864,-2.649e-05,1.30466e-05,-3.45991e-06,2.58208,0.000108429,-6.3786e-05,5.53817e-05,2.58208
-0.576315,-1.83754e-05,1.31489e-05,-8.55124e-07,2.58186,0.000107163,-6.32348e-05,5.52593e-05,2.58186
-0.570642,-1.89093e-05,1.27209e-05,-2.89748e-05,2.58201,0.000106727,-6.26811e-05,5.38474e-05,2.58201
-0.583768,-2.65471e-05,1.27304e-05,-1.49277e-05,2.58198,0.000105852,-6.21245e-05,5.34238e-05,2.58198
-0.579946,-2.3036e-05,1.27544e-05,-2.70899e-06,2.58212,0.000105667,-6.15737e-05,5.22478e-05,2.58212
-0.571667,-1.96088e-05,1.24853e-05,-6.50687e-06,2.58211,0.000104985,-6.10301e-05,5.18652e-05,2.58211
-0.583781,-1.36971e-05,1.24562e-05,-5.85861e-06,2.58242,0.000105263,-6.04769e-05,5.2224e-05,2.58242
-0.579232,-2.43259e-05,1.23672e-05,-1.35157e-05,2.58217,0.000104381,-5.99499e-05,5.20848e-05,2.58217
-0.574391,-2.23459e-05,1.2327e-05,-1.5577e-05,2.5822,0.000102616,-5.94342e-05,5.09952e-05,2.5822
-0.57534,-1.84973e-05,1.23153e-05,-2.03289e-05,2.58241,0.000101832,-5.89047e-05,5.19117e-05,2.58241
-0.572239,-2.70565e-05,1.1783e-05,-1.82862e-05,2.58245,9.97855e-05,-5.83625e-05,5.04359e-05,2.58245
-0.577781,-1.0649e-05,1.18968e-05,-1.39526e-05,2.58212,9.73559e-05,-5.78271e-05,5.05286e-05,2.58212
-0.574907,-2.69817e-05,1.16997e-05,-7.24087e-06,2.58208,9.61923e-05,-5.73229e-05,4.94893e-05,2.58208
-0.575556,-1.16166e-05,1.14159e-05,-1.35853e-05,2.58241,9.42887e-05,-5.68314e-05,4.89672e-05,2.58241
-0.577215,-1.96775e-05,1.16095e-05,-8.07059e-06,2.58247,9.39422e-05,-5.63284e-05,4.80546e-05,2.58247
-0.57643,-2.24728e-05,1.14455e-05,-8.90278e-06,2.58194,9.36559e-05,-5.5837e-05,4.67871e-05,2.58194
-0.566613,-1.14098e-05,1.13927e-05,-1.93284e-05,2.58206,9.28369e-05,-5.53587e-05,4.54394e-05,2.58206
-0.575822,-1.35347e-05,1.11807e-05,-3.12363e-06,2.58163,9.14904e-05,-5.48693e-05,4.3961e-05,2.58163
-0.582042,-1.51458e-05,1.11067e-05,-1.55548e-05,2.58192,9.134e-05,-5.44055e-05,4.4042e-05,2.58192
-0.57057,-2.89245e-05,1.1094e-05,-8.81482e-07,2.58192,9.05485e-05,-5.3924e-05,4.29762e-05,2.58192
-0.573713,-2.18862e-05,1.09165e-05,-1.78846e-07,2.58188,8.95226e-05,-5.34306e-05,4.12611e-05,2.58188
-0.572125,-1.40061e-05,1.0822e-05,-6.44398e-06,2.58194,8.90301e-05,-5.29787e-05,3.9749e-05,2.58194
-0.588299,-9.05148e-06,1.09122e-05,-1.88218e-05,2.58217,8.84276e-05,-5.25212e-05,3.85213e-05,2.58217
-0.577836,-2.63057e-05,1.0641e-05,-1.07424e-05,2.58207,8.88618e-05,-5.20392e-05,3.68899e-05,2.58207
-0.574541,-3.39079e-05,1.067e-05,-7.07737e-06,2.58219,8.78367e-05,-5.15847e-05,3.63602e-05,2.58219
-0.579331,-2.35742e-05,1.04646e-05,-1.15377e-05,2.58177,8.59919e-05,-5.11478e-05,3.47908e-05,2.58177
-0.570537,-2.20222e-05,1.04708e-05,-1.35579e-05,2.58187,8.42699e-05,-5.07078e-05,3.49623e-05,2.58187
-0.574931,-1.70801e-05,1.03206e-05,-2.13601e-05,2.58193,8.48334e-05,-5.02743e-05,3.6301e-05,2.58193
-0.577852,-2.38002e-05,1.02284e-05,7.00245e-06,2.58168,8.3569e-05,-4.98278e-05,3.6223e-05,2.58168
-0.572904,-2.63989e-05,1.01976e-05,-8.19595e-06,2.58206,8.25264e-05,-4.9402e-05,3.6263e-05,2.58206
-0.575457,-2.38405e-05,1.01036e-05,-7.98644e-06,2.58224,8.22535e-05,-4.89746e-05,3.56953e-05,2.58224
-0.578771,-1.40363e-05,1.0089e-05,-1.29805e-05,2.58235,8.20699e-05,-4.85566e-05,3.57182e-05,2.58235
-0.575094,-1.46757e-05,9.80175e-06,-3.0442e-06,2.58201,8.19047e-05,-4.81164e-05,3.56145e-05,2.58201
-0.581632,-2.33733e-05,9.79484e-06,-1.30739e-05,2.5822,8.0859e-05,-4.76838e-05,3.5524e-05,2.5822
-0.569113,-1.70417e-05,9.60178e-06,3.63353e-07,2.58181,7.83769e-05,-4.72535e-05,3.40787e-05,2.58181
-0.5834,-3.91378e-06,9.5571e-06,-1.74729e-05,2.58212,7.69075e-05,-4.68447e-05,3.48783e-05,2.58212
-0.5769,-1.82743e-05,9.53092e-06,-4.07661e-06,2.58199,7.63897e-05,-4.6435e-05,3.51975e-05,2.58199
-0.575769,-1.57873e-05,9.59121e-06,-4.69587e-06,2.58225,7.46165e-05,-4.60319e-05,3.53876e-05,2.58225
-0.571311,-8.33945e-06,9.34588e-06,-1.15214e-05,2.58198,7.27352e-05,-4.5621e-05,3.65206e-05,2.58198
-0.570271,-3.3776e-05,9.21504e-06,-2.07558e-05,2.58198,7.29478e-05,-4.52237e-05,3.69664e-05,2.58198
-0.577327,-1.04145e-05,9.25957e-06,1.14879e-06,2.58258,7.15296e-05,-4.4836e-05,3.67296e-05,2.58258
-0.580608,-2.29162e-05,9.2647e-06,9.20753e-06,2.58224,7.04922e-05,-4.44245e-05,3.69009e-05,2.58224
-0.578845,-1.77015e-05,9.08844e-06,-6.91076e-06,2.58214,6.92823e-05,-4.40345e-05,3.71662e-05,2.58214
-0.575226,-1.26966e-05,8.97924e-06,-4.87578e-06,2.58199,6.80277e-05,-4.36403e-05,3.73482e-05,2.58199
-0.576259,-1.1799e-05,8.85367e-06,6.58093e-06,2.58201,6.72815e-05,-4.32501e-05,3.70162e-05,2.58201
-0.585781,-2.15344e-05,8.83424e-06,-6.8704e-08,2.58209,6.72404e-05,-4.28748e-05,3.65987e-05,2.58209
-0.572286,-8.05891e-06,8.70551e-06,-8.49224e-06,2.58205,6.7397e-05,-4.2499e-05,3.60193e-05,2.58205
-0.577712,-1.88445e-05,8.61419e-06,-1.29599e-06,2.58237,6.66711e-05,-4.21436e-05,3.59653e-05,2.58237
-0.571292,-9.03688e-06,8.59606e-06,-3.90406e-06,2.5821,6.70865e-05,-4.17883e-05,3.56399e-05,2.5821
-0.570803,-1.32939e-05,8.44701e-06,-1.26234e-05,2.58182,6.67696e-05,-4.14239e-05,3.4967e-05,2.58182
-0.588416,-1.46303e-05,8.66027e-06,-3.33291e-06,2.58208,6.55212e-05,-4.10798e-05,3.44295e-05,2.58208
-0.580967,-1.0363e-05,8.31451e-06,5.90089e-06,2.58214,6.52387e-05,-4.07162e-05,3.37008e-05,2.58214
-0.577046,-1.19106e-05,8.34575e-06,-5.93091e-06,2.58231,6.50247e-05,-4.03641e-05,3.30985e-05,2.58231
-0.574426,-1.18474e-05,8.24323e-06,-7.54393e-06,2.58219,6.4328e-05,-4e-05,3.2547e-05,2.58219
-0.574046,-2.11013e-05,8.01043e-06,-2.36607e-05,2.58225,6.36005e-05,-3.96556e-05,3.4003e-05,2.58225
-0.576281,-1.72236e-05,8.13402e-06,9.8842e-07,2.58206,6.30038e-05,-3.93147e-05,3.13085e-05,2.58206
-0.567787,-2.86828e-05,7.92121e-06,5.19018e-06,2.58186,6.20292e-05,-3.8975e-05,3.06936e-05,2.58186
-0.57849,-1.88863e-05,7.91117e-06,-7.88462e-06,2.58196,6.19276e-05,-3.86352e-05,3.06113e-05,2.58196
-0.566244,-9.04251e-06,7.89565e-06,-4.10505e-06,2.58189,6.17776e-05,-3.82982e-05,3.02497e-05,2.58189
-0.581083,-1.13882e-05,7.84712e-06,-9.55242e-06,2.58178,6.10102e-05,-3.79688e-05,2.91632e-05,2.58178
-0.584333,-1.02965e-05,7.74216e-06,-7.0738e-06,2.58228,6.02382e-05,-3.76381e-05,2.80783e-05,2.58228
-0.566643,-1.48056e-05,7.71054e-06,-9.36559e-06,2.58161,5.84955e-05,-3.73074e-05,2.80018e-05,2.58161
-0.569191,-3.45598e-06,7.371e-06,-2.35164e-06,2.58189,5.77911e-05,-3.69884e-05,2.76238e-05,2.58189
-0.578999,-6.57699e-06,7.54858e-06,9.71705e-07,2.58209,5.7373e-05,-3.66758e-05,2.77787e-05,2.58209
-0.573646,-1.23101e-05,7.55037e-06,1.15975e-06,2.58235,5.765e-05,-3.6348e-05,2.68145e-05,2.58235
-0.566402,-1.06413e-05,7.32582e-06,-1.17984e-05,2.58198,5.57032e-05,-3.60213e-05,2.74715e-05,2.58198
-0.57847,-1.38328e-05,7.30956e-06,-2.19695e-05,2.58193,5.44468e-05,-3.57196e-05,2.78384e-05,2.58193
-0.573617,-6.61575e-06,7.268e-06,-1.154e-05,2.5823,5.57207e-05,-3.54327e-05,2.80657e-05,2.5823
-0.57758,-6.41698e-06,7.17376e-06,-2.6732e-06,2.58226,5.55032e-05,-3.51239e-05,2.90758e-05,2.58226
-0.575643,-2.29159e-05,7.14593e-06,-5.43095e-06,2.58208,5.45545e-05,-3.48121e-05,2.87019e-05,2.58208
-0.572213,-1.45585e-05,7.10299e-06,-8.23343e-06,2.58217,5.28187e-05,-3.45027e-05,2.80915e-05,2.58217
-0.575227,1.94305e-06,6.9438e-06,-7.12824e-07,2.58202,5.15339e-05,-3.41969e-05,2.86048e-05,2.58202
-0.578201,-1.10998e-05,6.8912e-06,-3.72444e-06,2.5825,5.19014e-05,-3.3894e-05,2.93324e-05,2.5825
-0.576839,-1.35678e-05,6.99555e-06,-7.05919e-07,2.58197,5.24209e-05,-3.36007e-05,2.81447e-05,2.58197
-0.566615,-1.6399e-05,6.75054e-06,-1.14377e-05,2.58172,5.17736e-05,-3.33073e-05,2.7483e-05,2.58172
-0.576223,-8.84074e-06,6.83774e-06,-5.38241e-06,2.58213,5.07036e-05,-3.30253e-05,2.73516e-05,2.58213
-0.568061,-5.56755e-07,6.72058e-06,-1.3095e-05,2.58202,4.93686e-05,-3.27467e-05,2.81703e-05,2.58202
-0.573632,-8.29152e-06,6.68845e-06,-1.36527e-05,2.58204,4.81291e-05,-3.24649e-05,2.86338e-05,2.58204
-0.576921,-1.13579e-05,6.67743e-06,-6.72328e-06,2.5821,4.92311e-05,-3.21757e-05,2.86326e-05,2.5821
-0.576328,-7.78503e-06,6.55767e-06,-1.10743e-05,2.58211,4.79326e-05,-3.18939e-05,2.86317e-05,2.58211
-0.571682,1.84317e-06,6.42939e-06,-2.24179e-06,2.58194,4.76552e-05,-3.16142e-05,2.85356e-05,2.58194
-0.585008,2.96497e-06,6.44705e-06,-1.6885e-05,2.58229,4.65784e-05,-3.13424e-05,2.81245e-05,2.58229
-0.571977,-1.1511e-05,6.37585e-06,-7.56003e-06,2.5822,4.64444e-05,-3.10698e-05,2.74772e-05,2.5822
-0.571496,-1.58143e-05,6.30651e-06,-3.79639e-06,2.58197,4.62692e-05,-3.07905e-05,2.69695e-05,2.58197
-0.578348,-1.39321e-05,6.23529e-06,-2.29305e-06,2.58235,4.4962e-05,-3.05358e-05,2.68627e-05,2.58235
-0.570405,-6.16714e-06,6.25343e-06,-6.1547e-06,2.58189,4.35585e-05,-3.02776e-05,2.67375e-05,2.58189
-0.576099,4.44857e-06,6.17124e-06,-5.84599e-06,2.58205,4.13476e-05,-3.00139e-05,2.74093e-05,2.58205
-0.57327,-7.162e-06,6.12736e-06,-2.33662e-05,2.58211,4.13335e-05,-2.97616e-05,2.90875e-05,2.58211
-0.582123,7.92016e-07,6.1344e-06,-2.52193e-06,2.58247,4.002e-05,-2.95018e-05,2.86624e-05,2.58247
-0.577771,-4.3086e-06,6.03884e-06,3.58735e-06,2.5822,3.88057e-05,-2.92415e-05,2.93703e-05,2.5822
-0.565774,-2.1444e-05,5.80605e-06,-1.29228e-05,2.58193,3.91874e-05,-2.89855e-05,2.95663e-05,2.58193
-0.570089,-1.76714e-05,5.84235e-06,1.00211e-06,2.58215,3.88009e-05,-2.87282e-05,2.88894e-05,2.58215
-0.577049,-8.57503e-06,5.81735e-06,-8.47936e-06,2.58184,3.87484e-05,-2.84813e-05,2.78743e-05,2.58184
-0.572332,-1.38113e-06,5.74702e-06,3.1207e-06,2.58207,3.93289e-05,-2.8222e-05,2.61215e-05,2.58207
-0.562146,-2.50142e-06,5.75165e-06,-3.12991e-06,2.58199,3.93129e-05,-2.79709e-05,2.35495e-05,2.58199
-0.564063,-8.11425e-06,5.72329e-06,-9.46585e-06,2.58193,3.88181e-05,-2.77199e-05,2.25707e-05,2.58193
-0.580714,-7.43091e-07,5.61934e-06,-6.52614e-06,2.58217,3.75821e-05,-2.74895e-05,2.24854e-05,2.58217
-0.577691,-1.29632e-05,5.63125e-06,-2.00662e-05,2.58215,3.63561e-05,-2.72494e-05,2.19213e-05,2.58215
-0.583849,-7.11098e-06,5.54143e-06,-9.08871e-06,2.58225,3.50749e-05,-2.70078e-05,2.12658e-05,2.58225
-0.571044,-1.39424e-05,5.4586e-06,-1.45703e-06,2.58241,3.36835e-05,-2.67618e-05,1.98234e-05,2.58241
-0.572028,1.48761e-06,5.4342e-06,-8.82407e-06,2.58201,3.33275e-05,-2.65354e-05,2.02219e-05,2.58201
-0.578989,-1.24744e-06,5.47239e-06,-3.13127e-06,2.58229,3.2576e-05,-2.63047e-05,1.94189e-05,2.58229
-0.579092,-3.80149e-06,5.38729e-06,-1.09068e-05,2.58209,3.16585e-05,-2.60762e-05,1.98394e-05,2.58209
-0.58046,-1.8984e-05,5.31227e-06,-1.59438e-05,2.58219,3.24288e-05,-2.58493e-05,1.96104e-05,2.58219
-0.571405,-1.01995e-05,5.19931e-06,-1.29335e-05,2.58179,3.17832e-05,-2.56315e-05,1.88162e-05,2.58179
-0.57853,1.01614e-05,5.24713e-06,-4.39617e-06,2.58212,3.06241e-05,-2.54166e-05,1.85768e-05,2.58212
-0.575391,-8.18678e-06,5.17365e-06,2.97873e-06,2.58212,3.0298e-05,-2.51983e-05,1.78525e-05,2.58212
-0.575321,-8.85441e-06,5.11616e-06,-1.45447e-06,2.58206,2.9306e-05,-2.49747e-05,1.70478e-05,2.58206
-0.573111,-1.19208e-05,5.08176e-06,-1.22417e-05,2.58201,2.8814e-05,-2.47545e-05,1.61378e-05,2.58201
-0.578684,-6.9077e-07,5.02808e-06,-7.41368e-06,2.58185,2.89194e-05,-2.45448e-05,1.55977e-05,2.58185
-0.579147,-2.82707e-06,4.99128e-06,-7.16593e-06,2.58169,2.7949e-05,-2.43298e-05,1.48015e-05,2.58169
-0.570406,-1.42226e-05,4.93086e-06,-8.14165e-06,2.58209,2.8875e-05,-2.4107e-05,1.48002e-05,2.58209
-0.576409,3.7337e-06,4.91992e-06,-7.29662e-06,2.58222,2.89846e-05,-2.38923e-05,1.55981e-05,2.58222
-0.577593,1.26964e-07,4.86399e-06,-1.02044e-05,2.58213,2.97658e-05,-2.36892e-05,1.69748e-05,2.58213
-0.58062,1.08916e-05,4.83822e-06,2.70528e-06,2.58251,2.955e-05,-2.34759e-05,1.54785e-05,2.58251
-0.579497,-6.94467e-06,4.77819e-06,-5.66828e-06,2.58184,2.95895e-05,-2.3279e-05,1.62598e-05,2.58184
-0.578466,-6.18933e-06,4.79175e-06,-2.41048e-06,2.58202,2.91377e-05,-2.3087e-05,1.57528e-05,2.58202
-0.574094,5.26971e-06,4.73054e-06,1.63763e-06,2.58205,2.7796e-05,-2.28917e-05,1.51535e-05,2.58205
-0.581973,-5.03692e-06,4.68139e-06,-1.17624e-05,2.58216,2.86287e-05,-2.26973e-05,1.57061e-05,2.58216
-0.576578,-4.92756e-08,4.62535e-06,8.44859e-06,2.58192,2.84567e-05,-2.25089e-05,1.55596e-05,2.58192
-0.57938,-7.90262e-06,4.57578e-06,1.02511e-05,2.58188,2.97851e-05,-2.23089e-05,1.48426e-05,2.58188
-0.579136,-1.24195e-05,4.56279e-06,1.00886e-05,2.58182,3.00547e-05,-2.21142e-05,1.45419e-05,2.58182
-0.570959,-3.90259e-06,4.50384e-06,1.12411e-06,2.58222,3.0869e-05,-2.19163e-05,1.32066e-05,2.58222
-0.577489,-7.45825e-06,4.50917e-06,5.16472e-07,2.58229,3.10864e-05,-2.17142e-05,1.16393e-05,2.58229
-0.571945,1.5294e-06,4.39605e-06,1.00688e-05,2.58218,3.12576e-05,-2.15204e-05,1.10412e-05,2.58218
-0.572601,7.2501e-06,4.32533e-06,-8.69719e-06,2.58214,3.12546e-05,-2.13269e-05,1.11596e-05,2.58214
-0.581782,-8.07706e-06,4.34125e-06,-1.11887e-05,2.58213,3.05507e-05,-2.11444e-05,1.18735e-05,2.58213
-0.57057,-6.00483e-06,4.35312e-06,-2.06102e-06,2.5818,2.9724e-05,-2.09597e-05,1.12485e-05,2.5818
-0.576734,2.01819e-06,4.27686e-06,6.62443e-06,2.58187,2.9686e-05,-2.07787e-05,1.10297e-05,2.58187
-0.579372,-2.4645e-06,4.22511e-06,-1.06597e-05,2.58204,2.95734e-05,-2.06006e-05,1.19605e-05,2.58204
-0.575288,1.8002e-06,4.15751e-06,4.53128e-06,2.58206,2.96006e-05,-2.04226e-05,1.21873e-05,2.58206
-0.583623,1.40437e-06,4.16602e-06,-5.72145e-08,2.58247,2.94488e-05,-2.02475e-05,1.19513e-05,2.58247
-0.573091,-2.8972e-07,4.15242e-06,-1.05971e-05,2.58207,2.98211e-05,-2.00702e-05,1.21593e-05,2.58207
-0.570698,-1.53018e-06,4.04632e-06,-3.68536e-06,2.58182,2.93628e-05,-1.98911e-05,1.16352e-05,2.58182
-0.572288,-1.22205e-05,4.0462e-06,5.33488e-06,2.58193,2.89131e-05,-1.97123e-05,1.1511e-05,2.58193
-0.579657,3.81134e-06,4.02525e-06,-1.2786e-06,2.58186,2.80668e-05,-1.95391e-05,1.31683e-05,2.58186
-0.576279,-6.9807e-06,4.03068e-06,2.14994e-07,2.58199,2.79317e-05,-1.93701e-05,1.2975e-05,2.58199
-0.567726,-9.53876e-06,3.93972e-06,-9.34969e-07,2.58193,2.75551e-05,-1.92028e-05,1.30241e-05,2.58193
-0.577788,-1.45815e-06,3.90702e-06,-2.19465e-06,2.58214,2.63278e-05,-1.90384e-05,1.21454e-05,2.58214
-0.570383,-8.66689e-06,3.8572e-06,-1.87981e-06,2.58206,2.62446e-05,-1.88734e-05,1.19257e-05,2.58206
-0.578966,-2.756e-06,3.77199e-06,-3.74644e-06,2.58222,2.60672e-05,-1.87039e-05,1.15147e-05,2.58222
-0.574654,-6.78471e-06,3.83472e-06,-5.06246e-06,2.58205,2.71035e-05,-1.85451e-05,1.17773e-05,2.58205
-0.580521,-4.08842e-06,3.77843e-06,4.17513e-06,2.58191,2.6306e-05,-1.83817e-05,1.14713e-05,2.58191
-0.579261,-9.97472e-06,3.71975e-06,-9.71137e-06,2.58218,2.68368e-05,-1.8217e-05,1.123e-05,2.58218
-0.571612,-1.54887e-05,3.71325e-06,-1.51265e-05,2.58226,2.68858e-05,-1.80597e-05,1.11905e-05,2.58226
-0.577865,-1.18733e-05,3.67045e-06,-6.9181e-06,2.58252,2.64104e-05,-1.79061e-05,1.05735e-05,2.58252
-0.578008,-8.80431e-06,3.65072e-06,-3.15759e-06,2.58208,2.56808e-05,-1.77531e-05,1.18413e-05,2.58208
-0.573277,2.05532e-06,3.64546e-06,-2.71312e-07,2.58236,2.3494e-05,-1.76034e-05,1.18556e-05,2.58236
-0.574151,-5.88413e-06,3.60182e-06,1.24523e-05,2.58203,2.39782e-05,-1.74538e-05,1.21157e-05,2.58203
-0.573734,5.01374e-07,3.56157e-06,3.20526e-06,2.58179,2.28754e-05,-1.73093e-05,1.20163e-05,2.58179
-0.563555,-2.41997e-05,3.49256e-06,-5.76326e-06,2.58213,2.26681e-05,-1.71643e-05,1.2003e-05,2.58213
-0.576916,-1.12566e-05,3.48551e-06,4.76992e-06,2.58191,2.15981e-05,-1.70185e-05,1.1411e-05,2.58191
-0.57286,-3.92825e-06,3.44198e-06,-3.74065e-06,2.582,2.04506e-05,-1.68759e-05,1.09589e-05,2.582
-0.582674,-6.09593e-07,3.43755e-06,-5.37758e-06,2.58243,2.03967e-05,-1.67299e-05,1.06872e-05,2.58243
-0.573647,-1.36922e-05,3.40939e-06,-1.0395e-05,2.58189,2.0354e-05,-1.65787e-05,1.07897e-05,2.58189
-0.570772,-1.32831e-05,3.34798e-06,-1.26023e-07,2.58199,1.97312e-05,-1.64321e-05,1.08585e-05,2.58199
-0.575444,-7.48774e-06,3.31422e-06,1.23005e-06,2.58183,1.87359e-05,-1.62966e-05,8.98639e-06,2.58183
-0.572251,-1.45947e-06,3.29375e-06,4.18696e-06,2.58197,1.94247e-05,-1.61575e-05,9.16493e-06,2.58197
-0.57614,5.94628e-06,3.28987e-06,-1.2364e-06,2.58212,1.87017e-05,-1.60168e-05,9.50233e-06,2.58212
-0.573884,-2.21635e-06,3.28986e-06,1.51626e-05,2.58223,1.83729e-05,-1.58713e-05,9.08527e-06,2.58223
-0.579046,7.79932e-06,3.27395e-06,2.31806e-06,2.58185,1.81909e-05,-1.57378e-05,7.64826e-06,2.58185
-0.580482,-4.52953e-06,3.18042e-06,-1.8925e-06,2.5819,1.83847e-05,-1.56029e-05,7.16681e-06,2.5819
-0.572902,-1.20499e-05,3.16817e-06,-1.2491e-06,2.58199,1.86487e-05,-1.54648e-05,6.10563e-06,2.58199
-0.573603,-1.01983e-05,3.13932e-06,-4.48092e-06,2.58196,1.83479e-05,-1.53286e-05,5.9144e-06,2.58196
-0.575744,-1.92728e-06,3.09383e-06,5.6516e-06,2.58202,1.86947e-05,-1.5193e-05,5.74229e-06,2.58202
-0.581163,-7.92807e-06,3.07339e-06,-1.4075e-05,2.58202,1.82302e-05,-1.5057e-05,5.88101e-06,2.58202
-0.581105,-3.31383e-06,3.07708e-06,1.303e-06,2.58215,1.81137e-05,-1.49334e-05,5.92666e-06,2.58215
-0.570504,4.98616e-06,3.03419e-06,1.41839e-05,2.58185,1.7724e-05,-1.48016e-05,6.01948e-06,2.58185
-0.57616,-4.63998e-06,3.00293e-06,-4.07901e-06,2.58247,1.80782e-05,-1.46698e-05,5.62134e-06,2.58247
-0.571261,-7.77702e-06,2.99063e-06,-9.21596e-06,2.58197,1.88159e-05,-1.45395e-05,5.7628e-06,2.58197
-0.56674,-1.16254e-06,2.97719e-06,9.40562e-06,2.58219,1.80454e-05,-1.441e-05,5.2756e-06,2.58219
-0.579655,7.87427e-06,2.95006e-06,-1.39055e-06,2.58219,1.69017e-05,-1.4286e-05,4.91521e-06,2.58219
-0.567521,-8.77539e-06,2.8854e-06,-9.94102e-06,2.58182,1.74629e-05,-1.41589e-05,3.95371e-06,2.58182
-0.581486,-1.05632e-05,2.8876e-06,-5.7213e-06,2.58207,1.72153e-05,-1.40346e-05,3.75966e-06,2.58207
-0.571117,-8.46998e-06,2.81328e-06,-6.54025e-06,2.58237,1.73483e-05,-1.39079e-05,2.81705e-06,2.58237
-0.581441,9.07837e-06,2.82431e-06,8.51328e-06,2.58194,1.6464e-05,-1.37841e-05,4.29016e-06,2.58194
-0.569263,-7.54121e-07,2.77403e-06,8.66914e-06,2.58215,1.60622e-05,-1.36662e-05,3.79997e-06,2.58215
-0.567882,-1.03537e-06,2.82729e-06,1.112e-06,2.58192,1.66482e-05,-1.35469e-05,3.5821e-06,2.58192
-0.572125,-4.99741e-06,2.73389e-06,-5.11645e-06,2.58189,1.67502e-05,-1.34358e-05,4.55157e-06,2.58189
-0.574864,3.78985e-06,2.72941e-06,-4.13526e-06,2.58207,1.80526e-05,-1.33166e-05,3.45182e-06,2.58207
-0.575748,-1.25155e-05,2.70204e-06,3.50996e-06,2.58213,1.81826e-05,-1.31981e-05,2.88433e-06,2.58213
-0.572999,-2.4724e-07,2.65336e-06,-4.34515e-06,2.58199,1.72207e-05,-1.30858e-05,4.09659e-06,2.58199
-0.590814,3.76788e-06,2.70106e-06,4.26727e-06,2.5823,1.66316e-05,-1.29748e-05,4.18793e-06,2.5823
-0.572259,3.74644e-06,2.61751e-06,2.83365e-06,2.58215,1.76421e-05,-1.2856e-05,4.18909e-06,2.58215
-0.5755,1.50607e-06,2.64593e-06,6.44407e-06,2.58225,1.74039e-05,-1.27486e-05,4.65263e-06,2.58225
-0.583912,1.15421e-06,2.60697e-06,-1.00743e-05,2.58219,1.6459e-05,-1.26419e-05,5.43135e-06,2.58219
-0.58289,-9.62109e-06,2.6203e-06,-1.27229e-06,2.5819,1.72349e-05,-1.25339e-05,4.98523e-06,2.5819
-0.575678,3.77676e-06,2.55422e-06,-6.01585e-06,2.58209,1.66991e-05,-1.24278e-05,5.18119e-06,2.58209
-0.569216,-8.17558e-06,2.51493e-06,6.16803e-06,2.58196,1.78556e-05,-1.23188e-05,5.38838e-06,2.58196
-0.570462,4.00055e-06,2.47473e-06,1.08348e-05,2.58194,1.80436e-05,-1.22134e-05,4.35065e-06,2.58194
-0.56926,-1.53188e-05,2.49517e-06,1.27766e-05,2.58206,1.8773e-05,-1.21079e-05,4.40227e-06,2.58206
-0.570554,-1.42734e-05,2.45639e-06,8.97399e-06,2.58202,1.89501e-05,-1.20032e-05,3.07316e-06,2.58202
-0.57672,-1.28702e-05,2.44778e-06,3.05475e-06,2.58219,2.03437e-05,-1.19042e-05,3.53182e-06,2.58219
-0.583009,-5.28359e-06,2.44103e-06,-5.1258e-06,2.58231,1.98256e-05,-1.17947e-05,3.95098e-06,2.58231
-0.580822,2.13421e-06,2.39687e-06,-5.52773e-06,2.58226,1.85404e-05,-1.16931e-05,3.69625e-06,2.58226
-0.579691,-6.20665e-06,2.38792e-06,-6.3712e-06,2.58221,1.87474e-05,-1.15887e-05,4.55832e-06,2.58221
-0.578613,-8.38261e-07,2.36234e-06,-3.10362e-06,2.5821,1.85409e-05,-1.14835e-05,4.63672e-06,2.5821
-0.574948,-8.61698e-06,2.30805e-06,-1.06984e-05,2.582,1.93245e-05,-1.13823e-05,3.47181e-06,2.582
-0.585135,6.76838e-06,2.28331e-06,-2.50591e-06,2.58212,1.91035e-05,-1.12802e-05,2.94488e-06,2.58212
-0.581125,-4.41255e-06,2.3179e-06,-2.5935e-06,2.58231,1.95869e-05,-1.118e-05,3.33643e-06,2.58231
-0.574762,-1.16809e-05,2.28236e-06,-4.78247e-06,2.58223,2.01459e-05,-1.10818e-05,3.66882e-06,2.58223
-0.580161,-3.34714e-06,2.26616e-06,-5.32246e-06,2.58264,2.01708e-05,-1.09851e-05,4.37151e-06,2.58264
-0.584445,-1.57654e-05,2.23148e-06,-1.05529e-05,2.58209,1.97405e-05,-1.08872e-05,5.03855e-06,2.58209
-0.57169,1.86516e-06,2.21276e-06,1.1923e-05,2.58199,1.93376e-05,-1.07904e-05,5.33279e-06,2.58199
-0.581372,-1.10942e-05,2.19129e-06,-3.4033e-06,2.58214,1.91358e-05,-1.06983e-05,4.5765e-06,2.58214
-0.575178,2.08035e-06,2.17332e-06,-4.2609e-06,2.58202,1.87297e-05,-1.06061e-05,4.35496e-06,2.58202
-0.58092,1.82896e-07,2.18157e-06,-4.36009e-06,2.58221,1.9291e-05,-1.05194e-05,5.22392e-06,2.58221
-0.579506,-4.20158e-06,2.15061e-06,-7.24308e-06,2.58229,1.90107e-05,-1.04257e-05,5.46386e-06,2.58229
-0.584095,3.85978e-06,2.14498e-06,6.16797e-06,2.5822,1.85779e-05,-1.03391e-05,5.4606e-06,2.5822
-0.572859,-6.07951e-06,2.11648e-06,3.51075e-06,2.58204,1.89169e-05,-1.02496e-05,6.25549e-06,2.58204
-0.576178,-7.04911e-06,2.08425e-06,1.33663e-05,2.58216,1.84232e-05,-1.0163e-05,7.11361e-06,2.58216
-0.573527,2.84335e-06,2.069e-06,-5.8422e-06,2.58196,1.85919e-05,-1.00762e-05,5.60485e-06,2.58196
-0.574974,1.42423e-06,2.05162e-06,-4.97032e-06,2.58184,1.87257e-05,-9.99043e-06,5.00285e-06,2.58184
-0.571324,-3.62543e-06,2.03475e-06,4.3928e-06,2.58206,1.72751e-05,-9.90319e-06,4.42016e-06,2.58206
-0.567171,-1.12935e-05,2.02991e-06,-8.8895e-06,2.58183,1.78569e-05,-9.81835e-06,4.44186e-06,2.58183
-0.578567,7.12661e-06,1.99178e-06,7.5824e-06,2.58206,1.70014e-05,-9.73419e-06,4.38492e-06,2.58206
-0.567934,-2.25766e-06,1.98222e-06,4.88632e-07,2.58188,1.66508e-05,-9.64967e-06,4.37989e-06,2.58188
-0.585665,1.25933e-05,1.96846e-06,-2.70218e-06,2.58221,1.62819e-05,-9.56711e-06,4.96404e-06,2.58221
-0.573822,-1.01631e-05,1.95896e-06,5.40136e-06,2.58185,1.56032e-05,-9.48412e-06,4.45861e-06,2.58185
-0.576809,-4.08205e-06,1.91132e-06,2.17013e-06,2.58207,1.52385e-05,-9.39991e-06,4.20914e-06,2.58207
-0.571951,7.12455e-06,1.89039e-06,6.78881e-06,2.58202,1.5058e-05,-9.31609e-06,4.8677e-06,2.58202
-0.580057,-6.72946e-06,1.88982e-06,-4.13144e-06,2.58242,1.47328e-05,-9.23142e-06,5.27698e-06,2.58242
-0.572096,-6.80796e-06,1.88394e-06,3.70519e-08,2.58225,1.51415e-05,-9.14932e-06,5.46685e-06,2.58225
-0.581679,-1.44169e-06,1.8468e-06,-5.98056e-06,2.58219,1.60822e-05,-9.07367e-06,4.60556e-06,2.58219
-0.578181,-1.63328e-05,1.84796e-06,-7.89106e-06,2.58187,1.49773e-05,-8.99481e-06,5.15358e-06,2.58187
-0.582858,-3.10163e-06,1.84932e-06,-1.42675e-07,2.58218,1.51769e-05,-8.91672e-06,2.8289e-06,2.58218
-0.577381,6.17904e-06,1.79731e-06,-9.99696e-07,2.58215,1.54109e-05,-8.84047e-06,2.32961e-06,2.58215
-0.580232,4.53535e-06,1.81097e-06,-4.21695e-06,2.58233,1.59279e-05,-8.76449e-06,2.68674e-06,2.58233
-0.578753,-2.68604e-06,1.80975e-06,-1.23592e-05,2.58215,1.47884e-05,-8.68831e-06,1.15494e-06,2.58215
-0.578234,-4.51154e-06,1.76858e-06,-5.35722e-06,2.58195,1.44301e-05,-8.61209e-06,8.18921e-07,2.58195
-0.574068,-2.00634e-05,1.75331e-06,-6.1136e-06,2.58206,1.45779e-05,-8.53991e-06,1.7389e-06,2.58206
-0.582794,-2.12792e-06,1.7263e-06,-7.17283e-06,2.58202,1.42195e-05,-8.46666e-06,2.69359e-06,2.58202
-0.579013,-3.63511e-06,1.72457e-06,2.88843e-06,2.58184,1.3053e-05,-8.39351e-06,3.2339e-06,2.58184
-0.583443,-1.19269e-05,1.72305e-06,-1.99674e-06,2.58182,1.38427e-05,-8.32429e-06,2.58783e-06,2.58182
-0.569219,3.39299e-06,1.68699e-06,6.41787e-06,2.5818,1.2676e-05,-8.25395e-06,1.80689e-06,2.5818
-0.572154,1.41065e-05,1.68127e-06,1.11167e-06,2.58195,1.20882e-05,-8.1836e-06,5.93442e-07,2.58195
-0.573508,-5.78978e-07,1.65969e-06,-2.89663e-06,2.58244,1.19642e-05,-8.11091e-06,7.34234e-07,2.58244
-0.566664,2.76967e-06,1.64044e-06,-7.75471e-06,2.58146,1.32984e-05,-8.04104e-06,1.20111e-06,2.58146
-0.573365,-1.42295e-06,1.62413e-06,-3.00232e-06,2.58207,1.23439e-05,-7.9726e-06,9.57247e-07,2.58207
-0.575159,-1.05508e-05,1.62099e-06,-5.43218e-06,2.58221,1.27952e-05,-7.90073e-06,1.54494e-06,2.58221
-0.566452,-7.72271e-06,1.58078e-06,-8.39761e-06,2.58169,1.2689e-05,-7.83053e-06,1.74801e-06,2.58169
-0.574016,-1.47976e-05,1.59545e-06,-1.57723e-07,2.5817,1.30803e-05,-7.76472e-06,1.53675e-06,2.5817
-0.570702,-1.14428e-05,1.57816e-06,1.79847e-06,2.58185,1.3562e-05,-7.69759e-06,1.00527e-06,2.58185
-0.575329,-2.28032e-05,1.55921e-06,-2.08889e-07,2.58234,1.34639e-05,-7.63073e-06,1.19081e-06,2.58234
-0.579465,1.27332e-05,1.56299e-06,1.26234e-05,2.58265,1.45325e-05,-7.56216e-06,5.76836e-07,2.58265
-0.571497,-1.74251e-06,1.54783e-06,-7.32599e-07,2.58198,1.522e-05,-7.49594e-06,6.08752e-07,2.58198
-0.570669,1.33796e-05,1.53319e-06,-1.0949e-05,2.58193,1.48888e-05,-7.4306e-06,1.36227e-07,2.58193
-0.582022,-1.8541e-06,1.51453e-06,-4.97765e-06,2.58203,1.47968e-05,-7.36898e-06,1.46729e-06,2.58203
-0.577981,-1.6081e-05,1.50962e-06,7.31414e-06,2.58219,1.33765e-05,-7.3061e-06,1.83604e-06,2.58219
-0.581887,-5.08213e-06,1.50126e-06,1.20985e-05,2.58233,1.32852e-05,-7.24624e-06,1.64498e-06,2.58233
-0.568356,-1.38204e-05,1.4665e-06,-5.98632e-06,2.58172,1.32131e-05,-7.1845e-06,1.74703e-06,2.58172
-0.573677,-3.7317e-06,1.46232e-06,-1.29693e-05,2.58183,1.31601e-05,-7.1209e-06,1.01695e-06,2.58183
-0.56961,-4.64744e-06,1.44497e-06,1.0864e-06,2.58231,1.30064e-05,-7.06082e-06,9.19616e-07,2.58231
-0.584211,-4.51869e-06,1.43541e-06,1.13965e-05,2.58225,1.35605e-05,-6.99989e-06,1.17666e-06,2.58225
-0.579588,-1.70974e-06,1.42027e-06,-3.59371e-06,2.58221,1.36862e-05,-6.93889e-06,1.67013e-06,2.58221
-0.57494,9.72983e-06,1.41256e-06,-1.21124e-05,2.5821,1.1047e-05,-6.87781e-06,1.91065e-06,2.5821
-0.575011,-1.48632e-05,1.41196e-06,7.29729e-08,2.58205,1.19047e-05,-6.81669e-06,1.40532e-06,2.58205
-0.572719,1.39541e-06,1.38971e-06,-7.81349e-06,2.58192,1.19157e-05,-6.7551e-06,1.43399e-06,2.58192
-0.578201,-4.96297e-06,1.37514e-06,-3.2056e-06,2.58215,1.149e-05,-6.69629e-06,2.48399e-06,2.58215
-0.582818,-1.21412e-05,1.36766e-06,3.38352e-06,2.58226,1.21032e-05,-6.6383e-06,1.30957e-06,2.58226
-0.579528,2.27896e-06,1.36067e-06,2.84651e-06,2.58207,1.23611e-05,-6.58017e-06,1.05721e-06,2.58207
-0.57457,-1.42417e-05,1.33885e-06,-1.18065e-05,2.58226,1.23126e-05,-6.52252e-06,1.56634e-06,2.58226
-0.576215,-4.49761e-06,1.31273e-06,4.35301e-06,2.58219,1.32171e-05,-6.46516e-06,2.15456e-06,2.58219
-0.5751,-6.05075e-06,1.31879e-06,2.77868e-06,2.58178,1.33515e-05,-6.40776e-06,1.77346e-06,2.58178
-0.574,1.17685e-05,1.30587e-06,-8.9186e-06,2.58215,1.37821e-05,-6.35339e-06,2.86476e-06,2.58215
-0.573573,7.74847e-06,1.27779e-06,3.12659e-06,2.58208,1.38746e-05,-6.29471e-06,2.92178e-06,2.58208
-0.571709,-7.00322e-06,1.29112e-06,2.07771e-06,2.58227,1.38389e-05,-6.23869e-06,3.15108e-06,2.58227
-0.579057,-1.30186e-05,1.26202e-06,-9.59602e-06,2.58199,1.32133e-05,-6.18254e-06,2.76742e-06,2.58199
-0.575856,1.10581e-05,1.2669e-06,-8.65005e-06,2.58212,1.26316e-05,-6.12779e-06,2.10604e-06,2.58212
-0.576688,-4.04447e-06,1.23473e-06,-8.0322e-07,2.5822,1.31367e-05,-6.07304e-06,1.38023e-06,2.5822
-0.57412,-2.92757e-05,1.23895e-06,6.31901e-06,2.58214,1.45527e-05,-6.02039e-06,5.90798e-07,2.58214
-0.578945,-1.52501e-05,1.22886e-06,-1.01897e-06,2.58213,1.45585e-05,-5.9714e-06,2.58066e-07,2.58213
-0.576244,7.28012e-07,1.20742e-06,-8.94242e-07,2.58181,1.44437e-05,-5.91861e-06,-1.39439e-07,2.58181
-0.57925,-4.39579e-06,1.22248e-06,-1.68882e-06,2.58213,1.5396e-05,-5.86807e-06,-1.46025e-07,2.58213
-0.57304,5.61154e-06,1.18132e-06,-5.76495e-06,2.58202,1.59375e-05,-5.81737e-06,3.68873e-07,2.58202
-0.571878,-2.658e-06,1.19414e-06,-9.34853e-06,2.58196,1.53657e-05,-5.76811e-06,9.6626e-07,2.58196
-0.57131,4.63814e-06,1.16798e-06,1.23075e-05,2.5819,1.54679e-05,-5.72001e-06,1.36176e-06,2.5819
-0.574885,1.9506e-07,1.17578e-06,-1.17111e-05,2.5821,1.42257e-05,-5.67144e-06,2.1657e-06,2.5821
-0.571892,-2.79755e-06,1.13971e-06,-3.46806e-06,2.58193,1.3168e-05,-5.62271e-06,1.80325e-06,2.58193
-0.574339,-1.51109e-05,1.14902e-06,-3.35935e-06,2.58218,1.31325e-05,-5.57445e-06,2.02272e-06,2.58218
-0.57106,1.47446e-07,1.13042e-06,8.24744e-07,2.58209,1.38669e-05,-5.52693e-06,2.06734e-06,2.58209
-0.57313,9.28093e-06,1.1171e-06,4.66817e-06,2.58194,1.40186e-05,-5.47976e-06,1.75909e-06,2.58194
-0.572927,2.00519e-06,1.11089e-06,-4.10217e-06,2.58211,1.40039e-05,-5.43075e-06,1.59757e-06,2.58211
-0.574447,-1.21527e-05,1.13062e-06,-1.33996e-06,2.58208,1.44651e-05,-5.3836e-06,2.13268e-06,2.58208
-0.582935,5.64398e-06,1.10271e-06,-7.53803e-06,2.58223,1.25493e-05,-5.33667e-06,3.61215e-06,2.58223
-0.576892,-6.05396e-06,1.07964e-06,5.92229e-06,2.58209,1.27291e-05,-5.28982e-06,2.96967e-06,2.58209
-0.575678,-8.14078e-06,1.08022e-06,-8.46342e-07,2.58212,1.29351e-05,-5.24212e-06,1.95635e-06,2.58212
-0.585736,-2.75454e-05,1.08171e-06,-6.60469e-06,2.58214,1.34291e-05,-5.19492e-06,1.88345e-06,2.58214
-0.581482,-3.98373e-06,1.0618e-06,-6.76123e-06,2.58224,1.26613e-05,-5.14849e-06,1.46764e-06,2.58224
-0.571824,-8.86316e-06,1.0505e-06,-3.75634e-06,2.58193,1.31032e-05,-5.10186e-06,2.203e-06,2.58193
-0.581103,7.37169e-06,1.03583e-06,-5.21835e-06,2.58204,1.27463e-05,-5.05732e-06,2.56739e-06,2.58204
-0.576535,1.64991e-06,1.04453e-06,-5.26014e-06,2.58217,1.2322e-05,-5.01389e-06,2.81138e-06,2.58217
-0.576823,6.09695e-06,1.01486e-06,-2.33595e-07,2.58179,1.32555e-05,-4.96949e-06,3.33641e-06,2.58179
-0.586494,-8.485e-06,1.03164e-06,-6.27178e-07,2.58233,1.22347e-05,-4.92748e-06,3.75104e-06,2.58233
-0.575497,6.36485e-06,1.01132e-06,1.09775e-06,2.58233,1.26073e-05,-4.88479e-06,2.86917e-06,2.58233
-0.571084,-5.3764e-06,9.95964e-07,-5.86023e-06,2.58211,1.40357e-05,-4.84098e-06,1.23095e-06,2.58211
-0.570942,5.65534e-06,9.7357e-07,7.65085e-08,2.58213,1.47181e-05,-4.79741e-06,9.69004e-07,2.58213
-0.573861,1.07334e-05,9.66654e-07,-1.39524e-05,2.58212,1.55482e-05,-4.7562e-06,-9.97727e-07,2.58212
-0.581646,-6.10486e-06,9.69892e-07,5.67026e-06,2.5825,1.47306e-05,-4.71381e-06,-2.34104e-06,2.5825
-0.57721,-8.56819e-06,9.52078e-07,-4.08588e-06,2.58213,1.48164e-05,-4.67298e-06,-2.57457e-06,2.58213
-0.583338,-5.68528e-06,9.55715e-07,5.79215e-06,2.58223,1.5166e-05,-4.63448e-06,-3.19017e-06,2.58223
-0.56668,-7.34347e-06,9.42779e-07,2.70507e-06,2.58192,1.61574e-05,-4.59563e-06,-3.03312e-06,2.58192
-0.578744,-1.06806e-05,9.35506e-07,-6.46899e-07,2.58187,1.62025e-05,-4.55675e-06,-2.70213e-06,2.58187
-0.571271,-1.08572e-05,9.27978e-07,-1.52313e-05,2.58203,1.60105e-05,-4.51772e-06,-2.86914e-06,2.58203
-0.576571,-4.97479e-07,9.19146e-07,-8.7177e-06,2.5819,1.55434e-05,-4.47993e-06,-1.94826e-06,2.5819
-0.570389,-9.49095e-06,9.09927e-07,-1.12792e-05,2.58194,1.64267e-05,-4.4417e-06,-7.92061e-07,2.58194
-0.583376,-3.14441e-06,9.11865e-07,-1.83594e-05,2.58247,1.66638e-05,-4.40112e-06,-7.19811e-07,2.58247
-0.575689,-4.81027e-06,8.82418e-07,1.1483e-05,2.58217,1.68212e-05,-4.36162e-06,-3.69615e-07,2.58217
-0.576461,-9.73591e-07,8.77908e-07,1.35699e-05,2.58192,1.6942e-05,-4.32362e-06,-9.0273e-07,2.58192
-0.579,-1.2638e-05,8.84279e-07,-4.65666e-06,2.58222,1.85481e-05,-4.28549e-06,-4.52286e-07,2.58222
-0.573835,-1.6264e-06,8.69821e-07,1.70194e-06,2.58203,1.89786e-05,-4.24819e-06,-1.37903e-06,2.58203
-0.572976,-4.37078e-06,8.62176e-07,4.47045e-06,2.58202,1.85833e-05,-4.21035e-06,-1.88898e-06,2.58202
-0.572015,-1.01893e-05,8.59283e-07,-2.02051e-06,2.58225,1.90643e-05,-4.17292e-06,-1.51789e-06,2.58225
-0.578116,2.5563e-06,8.53904e-07,-1.10692e-06,2.5822,1.86634e-05,-4.13501e-06,-1.65687e-06,2.5822
-0.574027,1.84615e-06,8.44735e-07,-4.66497e-06,2.58195,1.81913e-05,-4.09742e-06,-1.18049e-06,2.58195
-0.569368,2.41805e-06,8.43908e-07,-6.31326e-06,2.58212,1.97918e-05,-4.06267e-06,-1.44672e-06,2.58212
-0.583964,6.47421e-07,8.23845e-07,-2.09159e-06,2.58219,1.85663e-05,-4.02789e-06,-9.21854e-07,2.58219
-0.575543,-1.12619e-08,8.19644e-07,4.83935e-07,2.5824,1.94241e-05,-3.99292e-06,-7.916e-07,2.5824
-0.575121,-1.71643e-05,8.08536e-07,4.49274e-06,2.58207,2.06151e-05,-3.95706e-06,-1.17369e-06,2.58207
-0.576448,-5.79172e-06,8.10294e-07,-1.87952e-06,2.58205,2.06357e-05,-3.92303e-06,-1.24262e-06,2.58205
-0.58168,-1.14599e-05,8.08024e-07,7.7712e-06,2.58221,2.14897e-05,-3.8879e-06,-1.96674e-06,2.58221
-0.573129,7.7683e-06,7.88925e-07,2.38736e-06,2.58227,2.18685e-05,-3.85285e-06,-1.52452e-06,2.58227
-0.573243,-6.28579e-06,7.92437e-07,-3.92805e-06,2.58176,2.14753e-05,-3.8209e-06,-1.87159e-06,2.58176
-0.575747,-6.5455e-06,7.70321e-07,1.68241e-05,2.58206,2.06094e-05,-3.78701e-06,-3.4061e-06,2.58206
-0.572767,1.15145e-06,7.61795e-07,8.51235e-06,2.58215,1.95182e-05,-3.75488e-06,-2.97353e-06,2.58215
-0.576775,9.94919e-06,7.65886e-07,1.42411e-05,2.58188,1.92202e-05,-3.7219e-06,-2.55748e-06,2.58188
-0.574069,2.08995e-05,7.60415e-07,6.80928e-06,2.58203,1.85376e-05,-3.68957e-06,-2.62119e-06,2.58203
-0.574938,1.65877e-05,7.5179e-07,-8.76385e-06,2.58212,1.7726e-05,-3.6583e-06,-2.41896e-06,2.58212
-0.581375,3.21529e-06,7.47996e-07,-1.45715e-06,2.58214,1.68502e-05,-3.62604e-06,-1.28906e-06,2.58214
-0.574509,-4.14437e-06,7.41481e-07,-6.59836e-06,2.58203,1.71956e-05,-3.59512e-06,-2.45961e-06,2.58203
-0.577554,4.13896e-06,7.33886e-07,2.39677e-07,2.58236,1.74308e-05,-3.56382e-06,-1.59994e-06,2.58236
-0.576796,5.47607e-06,7.26303e-07,7.88707e-06,2.58241,1.70239e-05,-3.533e-06,-1.97335e-06,2.58241
-0.57434,-5.16641e-06,7.14956e-07,7.50615e-06,2.58155,1.63194e-05,-3.50239e-06,-1.6126e-06,2.58155
-0.573017,-1.42606e-05,7.12512e-07,-5.44683e-07,2.58221,1.77515e-05,-3.47095e-06,-1.82357e-06,2.58221
-0.571852,-1.01932e-05,7.08468e-07,2.38326e-06,2.58199,1.77646e-05,-3.44045e-06,-1.66274e-06,2.58199
-0.573073,-1.12965e-05,6.9848e-07,4.72257e-06,2.58248,1.71419e-05,-3.41034e-06,-3.36721e-06,2.58248
