tr,sigma,phi
-0.224065,0.639293,0.639293
-0.22101,0.640592,0.640592
-0.225306,0.634315,0.634315
-0.222963,0.637747,0.637747
-0.225477,0.642796,0.642796
-0.225465,0.631408,0.631408
-0.225612,0.638751,0.638751
-0.222516,0.639342,0.639342
-0.227131,0.632587,0.632587
-0.225669,0.639825,0.639825
-0.223766,0.637217,0.637217
-0.222695,0.638098,0.638098
-0.224814,0.630216,0.630216
-0.228819,0.634037,0.634037
-0.220922,0.639048,0.639048
-0.230785,0.639819,0.639819
-0.226574,0.636482,0.636482
-0.220528,0.636451,0.636451
-0.23005,0.635504,0.635504
-0.223439,0.637771,0.637771
-0.226479,0.641961,0.641961
-0.221451,0.636642,0.636642
-0.229081,0.63489,0.63489
-0.224941,0.639182,0.639182
-0.224004,0.638703,0.638703
-0.22048,0.633989,0.633989
-0.226601,0.635161,0.635161
-0.223647,0.635861,0.635861
-0.227235,0.631853,0.631853
-0.224821,0.636822,0.636822
-0.220804,0.633378,0.633378
-0.228231,0.631853,0.631853
-0.229465,0.632052,0.632052
-0.228615,0.634988,0.634988
-0.225706,0.635904,0.635904
-0.229882,0.630713,0.630713
-0.229205,0.633313,0.633313
-0.226451,0.634304,0.634304
-0.230653,0.632223,0.632223
-0.229435,0.634646,0.634646
-0.23055,0.634274,0.634274
-0.227971,0.628132,0.628132
-0.225526,0.6395,0.6395
-0.226679,0.636873,0.636873
-0.228414,0.634506,0.634506
-0.230289,0.635616,0.635616
-0.222492,0.635795,0.635795
-0.219303,0.63998,0.63998
-0.223635,0.637926,0.637926
-0.228496,0.638837,0.638837
-0.230059,0.638511,0.638511
-0.228701,0.636904,0.636904
-0.227879,0.636821,0.636821
-0.219911,0.634865,0.634865
-0.218729,0.637905,0.637905
-0.225727,0.631671,0.631671
-0.225569,0.635458,0.635458
-0.22058,0.633796,0.633796
-0.233088,0.635446,0.635446
-0.220366,0.633405,0.633405
-0.222336,0.640274,0.640274
-0.222161,0.637462,0.637462
-0.224224,0.636937,0.636937
-0.228439,0.634943,0.634943
-0.225105,0.636707,0.636707
-0.226656,0.634304,0.634304
-0.221115,0.640201,0.640201
-0.222149,0.629779,0.629779
-0.223018,0.63365,0.63365
-0.226629,0.640739,0.640739
-0.223602,0.63457,0.63457
-0.225808,0.635256,0.635256
-0.217634,0.637222,0.637222
-0.230413,0.636237,0.636237
-0.22726,0.641765,0.641765
-0.220235,0.636818,0.636818
-0.232073,0.636995,0.636995
-0.22327,0.634366,0.634366
-0.223365,0.634851,0.634851
-0.226332,0.634676,0.634676
-0.221562,0.641451,0.641451
-0.223689,0.633721,0.633721
-0.225577,0.63707,0.63707
-0.223106,0.639886,0.639886
-0.228981,0.635319,0.635319
-0.224541,0.63922,0.63922
-0.227317,0.632259,0.632259
-0.223301,0.638294,0.638294
-0.22479,0.637474,0.637474
-0.222946,0.634685,0.634685
-0.224056,0.636976,0.636976
-0.22139,0.635796,0.635796
-0.232635,0.637055,0.637055
-0.222738,0.639955,0.639955
-0.224513,0.634324,0.634324
-0.226025,0.638125,0.638125
-0.224847,0.641186,0.641186
-0.226478,0.636943,0.636943
-0.230664,0.641854,0.641854
-0.226321,0.634138,0.634138
-0.219498,0.634221,0.634221
-0.226716,0.630779,0.630779
-0.217906,0.635133,0.635133
-0.225889,0.639863,0.639863
-0.224938,0.637249,0.637249
-0.226272,0.642466,0.642466
-0.227891,0.634481,0.634481
-0.223911,0.634972,0.634972
-0.221478,0.630358,0.630358
-0.230439,0.635506,0.635506
-0.229178,0.633524,0.633524
-0.225562,0.633008,0.633008
-0.224901,0.642185,0.642185
-0.232087,0.637451,0.637451
-0.227293,0.637574,0.637574
-0.224136,0.635672,0.635672
-0.226265,0.630998,0.630998
-0.225437,0.635254,0.635254
-0.223262,0.639117,0.639117
-0.221833,0.639729,0.639729
-0.223187,0.632294,0.632294
-0.224859,0.636027,0.636027
-0.230955,0.631431,0.631431
-0.219656,0.638051,0.638051
-0.222374,0.636575,0.636575
-0.226698,0.63347,0.63347
-0.223111,0.640496,0.640496
-0.221594,0.639806,0.639806
-0.229306,0.631321,0.631321
-0.220881,0.632834,0.632834
-0.22746,0.62989,0.62989
-0.219303,0.632891,0.632891
-0.229607,0.636005,0.636005
-0.220583,0.636143,0.636143
-0.227536,0.636058,0.636058
-0.2237,0.641417,0.641417
-0.222321,0.635717,0.635717
-0.226844,0.642725,0.642725
-0.228662,0.634848,0.634848
-0.225177,0.637115,0.637115
-0.228473,0.63524,0.63524
-0.229772,0.638282,0.638282
-0.227691,0.636935,0.636935
-0.230505,0.635022,0.635022
-0.229076,0.64022,0.64022
-0.230226,0.630494,0.630494
-0.228367,0.633495,0.633495
-0.225805,0.639924,0.639924
-0.226268,0.637311,0.637311
-0.226215,0.637696,0.637696
-0.228283,0.635092,0.635092
-0.227402,0.639599,0.639599
-0.226615,0.639026,0.639026
-0.22296,0.634157,0.634157
-0.230823,0.637224,0.637224
-0.229588,0.638324,0.638324
-0.222908,0.635303,0.635303
-0.221173,0.634558,0.634558
-0.228485,0.636096,0.636096
-0.22101,0.633118,0.633118
-0.22375,0.636745,0.636745
-0.232284,0.630343,0.630343
-0.220763,0.637735,0.637735
-0.22814,0.63576,0.63576
-0.228682,0.632863,0.632863
-0.221566,0.635548,0.635548
-0.226142,0.638643,0.638643
-0.225314,0.637642,0.637642
-0.227345,0.634574,0.634574
-0.225461,0.636465,0.636465
-0.224612,0.636294,0.636294
-0.226919,0.633659,0.633659
-0.222862,0.634026,0.634026
-0.222886,0.633388,0.633388
-0.222754,0.640511,0.640511
-0.222566,0.635185,0.635185
-0.230693,0.637476,0.637476
-0.226416,0.640156,0.640156
-0.22486,0.636449,0.636449
-0.224825,0.633548,0.633548
-0.223597,0.642702,0.642702
-0.222328,0.639172,0.639172
-0.226674,0.634267,0.634267
-0.228521,0.637119,0.637119
-0.223638,0.636278,0.636278
-0.221627,0.636515,0.636515
-0.227816,0.632288,0.632288
-0.227816,0.6333,0.6333
-0.230076,0.634937,0.634937
-0.234603,0.636573,0.636573
-0.221657,0.635529,0.635529
-0.229883,0.630314,0.630314
-0.226066,0.636501,0.636501
-0.225534,0.636721,0.636721
-0.229,0.632744,0.632744
-0.221084,0.631847,0.631847
-0.221644,0.635928,0.635928
-0.228064,0.630717,0.630717
-0.227684,0.635217,0.635217
-0.219731,0.635404,0.635404
-0.230131,0.633092,0.633092
-0.22636,0.637364,0.637364
-0.226034,0.637452,0.637452
-0.219982,0.641983,0.641983
-0.225591,0.637876,0.637876
-0.223546,0.636413,0.636413
-0.225688,0.631096,0.631096
-0.22262,0.634944,0.634944
-0.222805,0.634514,0.634514
-0.225014,0.635266,0.635266
-0.224244,0.639157,0.639157
-0.228445,0.636219,0.636219
-0.222105,0.638338,0.638338
-0.221548,0.639689,0.639689
-0.229031,0.637017,0.637017
-0.222924,0.632714,0.632714
-0.222024,0.642634,0.642634
-0.226031,0.633432,0.633432
-0.21939,0.637296,0.637296
-0.222004,0.636872,0.636872
-0.229694,0.633178,0.633178
-0.226229,0.636612,0.636612
-0.223563,0.636988,0.636988
-0.226446,0.639201,0.639201
-0.224536,0.636135,0.636135
-0.224036,0.636677,0.636677
-0.228113,0.633297,0.633297
-0.226256,0.633879,0.633879
-0.226223,0.63835,0.63835
-0.229001,0.638158,0.638158
-0.224756,0.635226,0.635226
-0.228664,0.629893,0.629893
-0.22722,0.635185,0.635185
-0.230588,0.636665,0.636665
-0.22341,0.636003,0.636003
-0.219001,0.638257,0.638257
-0.227176,0.636268,0.636268
-0.228647,0.634561,0.634561
-0.2265,0.636301,0.636301
-0.220306,0.640636,0.640636
-0.218928,0.635658,0.635658
-0.229897,0.639339,0.639339
-0.223656,0.637819,0.637819
-0.223801,0.635518,0.635518
-0.22106,0.637973,0.637973
-0.227417,0.637588,0.637588
-0.225798,0.635523,0.635523
-0.221774,0.642299,0.642299
-0.224601,0.636451,0.636451
-0.222439,0.634899,0.634899
-0.223514,0.633675,0.633675
-0.227028,0.640402,0.640402
-0.227907,0.629955,0.629955
-0.224692,0.635246,0.635246
-0.220458,0.638682,0.638682
-0.228488,0.639156,0.639156
-0.227578,0.625199,0.625199
-0.22842,0.639554,0.639554
-0.222833,0.636594,0.636594
-0.227039,0.633555,0.633555
-0.229336,0.631428,0.631428
-0.224236,0.636111,0.636111
-0.226626,0.643076,0.643076
-0.224772,0.632146,0.632146
-0.22807,0.627846,0.627846
-0.225405,0.634734,0.634734
-0.223686,0.633623,0.633623
-0.222914,0.637321,0.637321
-0.224564,0.639522,0.639522
-0.223728,0.634378,0.634378
-0.231495,0.636578,0.636578
-0.228455,0.6308,0.6308
-0.225215,0.636132,0.636132
-0.229479,0.634126,0.634126
-0.230014,0.633149,0.633149
-0.227186,0.634559,0.634559
-0.230266,0.635827,0.635827
-0.224716,0.636404,0.636404
-0.225969,0.638559,0.638559
-0.229133,0.640493,0.640493
-0.224014,0.635126,0.635126
-0.224889,0.637675,0.637675
-0.229587,0.632511,0.632511
-0.226635,0.634618,0.634618
-0.224183,0.633472,0.633472
-0.23138,0.63083,0.63083
-0.228146,0.634929,0.634929
-0.225108,0.639689,0.639689
-0.22787,0.635419,0.635419
-0.224573,0.643159,0.643159
-0.228467,0.641553,0.641553
-0.22537,0.633034,0.633034
-0.227818,0.635613,0.635613
-0.222101,0.64004,0.64004
-0.223247,0.640516,0.640516
-0.222836,0.635625,0.635625
-0.224935,0.63714,0.63714
-0.226283,0.634327,0.634327
-0.226896,0.637699,0.637699
-0.22324,0.630893,0.630893
-0.228152,0.63354,0.63354
-0.225855,0.639301,0.639301
-0.221253,0.636944,0.636944
-0.231139,0.635842,0.635842
-0.225732,0.640843,0.640843
-0.219727,0.637221,0.637221
-0.224402,0.633225,0.633225
-0.2291,0.633971,0.633971
-0.223594,0.635303,0.635303
-0.222187,0.635028,0.635028
-0.225453,0.639106,0.639106
-0.22807,0.632782,0.632782
-0.222183,0.637097,0.637097
-0.225579,0.635927,0.635927
-0.226122,0.637004,0.637004
-0.223054,0.636691,0.636691
-0.230376,0.633845,0.633845
-0.228701,0.634568,0.634568
-0.22379,0.634955,0.634955
-0.223715,0.635469,0.635469
-0.226594,0.629369,0.629369
-0.224073,0.632143,0.632143
-0.220987,0.638467,0.638467
-0.231453,0.633848,0.633848
-0.225558,0.634064,0.634064
-0.222063,0.638625,0.638625
-0.227254,0.633997,0.633997
-0.222404,0.636139,0.636139
-0.224546,0.632483,0.632483
-0.222943,0.633208,0.633208
-0.223173,0.640992,0.640992
-0.220211,0.637913,0.637913
-0.228031,0.63341,0.63341
-0.226803,0.636143,0.636143
-0.22552,0.631628,0.631628
-0.224012,0.633823,0.633823
-0.22732,0.633423,0.633423
-0.2223,0.633663,0.633663
-0.222101,0.634921,0.634921
-0.224523,0.639205,0.639205
-0.224047,0.635815,0.635815
-0.221279,0.637401,0.637401
-0.231628,0.635309,0.635309
-0.221119,0.63929,0.63929
-0.226245,0.640205,0.640205
-0.223713,0.633083,0.633083
-0.226142,0.635662,0.635662
-0.231245,0.634234,0.634234
-0.219682,0.63873,0.63873
-0.226376,0.638435,0.638435
-0.228831,0.633313,0.633313
-0.224633,0.633258,0.633258
-0.221591,0.638686,0.638686
-0.228067,0.633976,0.633976
-0.226707,0.633215,0.633215
-0.226812,0.634943,0.634943
-0.222361,0.634278,0.634278
-0.226221,0.639553,0.639553
-0.231466,0.633172,0.633172
-0.230112,0.637681,0.637681
-0.227322,0.63488,0.63488
-0.229724,0.634278,0.634278
-0.222833,0.637615,0.637615
-0.22608,0.630212,0.630212
-0.225176,0.633049,0.633049
-0.225774,0.634869,0.634869
-0.220917,0.635354,0.635354
-0.224959,0.636016,0.636016
-0.222518,0.639281,0.639281
-0.228364,0.638797,0.638797
-0.220817,0.637652,0.637652
-0.225465,0.64284,0.64284
-0.225226,0.636277,0.636277
-0.222901,0.636364,0.636364
-0.224638,0.636903,0.636903
-0.229273,0.633324,0.633324
-0.219538,0.634637,0.634637
-0.223109,0.633983,0.633983
-0.225289,0.633961,0.633961
-0.225771,0.636602,0.636602
-0.22896,0.639067,0.639067
-0.222352,0.633338,0.633338
-0.224428,0.639076,0.639076
-0.224847,0.638351,0.638351
-0.22039,0.634146,0.634146
-0.229913,0.631334,0.631334
-0.226034,0.638636,0.638636
-0.220691,0.640113,0.640113
-0.222578,0.639923,0.639923
-0.226383,0.635821,0.635821
-0.22514,0.632874,0.632874
-0.228234,0.641089,0.641089
-0.226942,0.636001,0.636001
-0.225252,0.633307,0.633307
-0.222366,0.636188,0.636188
-0.224053,0.637157,0.637157
-0.223852,0.635673,0.635673
-0.222772,0.639677,0.639677
-0.228389,0.635559,0.635559
-0.227637,0.641556,0.641556
-0.2265,0.630143,0.630143
-0.229359,0.634411,0.634411
-0.220135,0.637473,0.637473
-0.221149,0.639015,0.639015
-0.220239,0.635711,0.635711
-0.223646,0.64006,0.64006
-0.227727,0.634493,0.634493
-0.230664,0.63262,0.63262
-0.221869,0.633586,0.633586
-0.221817,0.633747,0.633747
-0.227149,0.637534,0.637534
-0.221635,0.637778,0.637778
-0.225757,0.63258,0.63258
-0.221064,0.63714,0.63714
-0.221841,0.634449,0.634449
-0.223938,0.636729,0.636729
-0.227358,0.635429,0.635429
-0.225566,0.634297,0.634297
-0.229937,0.637137,0.637137
-0.222394,0.63238,0.63238
-0.219661,0.634329,0.634329
-0.219808,0.635884,0.635884
-0.221689,0.636401,0.636401
-0.229523,0.636436,0.636436
-0.22437,0.637678,0.637678
-0.222321,0.642476,0.642476
-0.225354,0.643644,0.643644
-0.226198,0.635259,0.635259
-0.221436,0.637157,0.637157
-0.223445,0.642002,0.642002
-0.227003,0.638396,0.638396
-0.223158,0.638402,0.638402
-0.226692,0.637245,0.637245
-0.222029,0.633326,0.633326
-0.225556,0.641561,0.641561
-0.225285,0.636407,0.636407
-0.226215,0.637132,0.637132
-0.22209,0.639374,0.639374
-0.225374,0.63502,0.63502
-0.229339,0.634477,0.634477
-0.221342,0.637564,0.637564
-0.227393,0.633669,0.633669
-0.229614,0.639584,0.639584
-0.226113,0.635168,0.635168
-0.225379,0.635163,0.635163
-0.223825,0.637841,0.637841
-0.227008,0.636008,0.636008
-0.219859,0.633809,0.633809
-0.227225,0.631245,0.631245
-0.228274,0.637132,0.637132
-0.225947,0.63662,0.63662
-0.22431,0.632466,0.632466
-0.225915,0.632792,0.632792
-0.218654,0.635202,0.635202
-0.224612,0.633082,0.633082
-0.227117,0.638596,0.638596
-0.223831,0.63855,0.63855
-0.229264,0.634297,0.634297
-0.226982,0.636271,0.636271
-0.226817,0.63903,0.63903
-0.223138,0.639996,0.639996
-0.226619,0.631063,0.631063
-0.228099,0.633754,0.633754
-0.225236,0.632447,0.632447
-0.229905,0.634001,0.634001
-0.226188,0.640124,0.640124
-0.217885,0.634292,0.634292
-0.224855,0.636063,0.636063
-0.229813,0.635677,0.635677
-0.224748,0.633413,0.633413
-0.228377,0.636414,0.636414
-0.228651,0.637091,0.637091
-0.224045,0.640452,0.640452
-0.228357,0.642278,0.642278
-0.219733,0.637044,0.637044
-0.231293,0.629713,0.629713
-0.220539,0.639055,0.639055
-0.227411,0.632733,0.632733
-0.223192,0.639079,0.639079
-0.220275,0.637176,0.637176
-0.226327,0.638028,0.638028
-0.227256,0.632428,0.632428
-0.223881,0.635306,0.635306
-0.2245,0.641214,0.641214
-0.227857,0.638591,0.638591
-0.223771,0.634852,0.634852
-0.22489,0.631241,0.631241
-0.222568,0.633083,0.633083
-0.224573,0.637963,0.637963
-0.223508,0.636531,0.636531
-0.224736,0.634198,0.634198
-0.224056,0.63745,0.63745
-0.229861,0.63035,0.63035
-0.2231,0.638733,0.638733
-0.226607,0.639236,0.639236
-0.224962,0.63025,0.63025
-0.222057,0.635224,0.635224
-0.224879,0.637114,0.637114
-0.223202,0.636152,0.636152
-0.22277,0.639695,0.639695
-0.227614,0.637907,0.637907
-0.223897,0.639463,0.639463
-0.230237,0.632813,0.632813
-0.224104,0.637066,0.637066
-0.222809,0.634262,0.634262
-0.223718,0.636585,0.636585
-0.220743,0.638533,0.638533
-0.224797,0.634446,0.634446
-0.224498,0.634679,0.634679
-0.226996,0.632412,0.632412
-0.229101,0.635582,0.635582
-0.223847,0.633809,0.633809
-0.220406,0.63481,0.63481
-0.224565,0.635978,0.635978
-0.225,0.636727,0.636727
-0.224349,0.633312,0.633312
-0.226709,0.631352,0.631352
-0.223822,0.635692,0.635692
-0.21919,0.638367,0.638367
-0.228506,0.63706,0.63706
-0.226603,0.634776,0.634776
-0.223466,0.63177,0.63177
-0.220623,0.643157,0.643157
-0.224302,0.634797,0.634797
-0.22137,0.637566,0.637566
-0.226315,0.635921,0.635921
-0.225976,0.633945,0.633945
-0.222205,0.637537,0.637537
-0.227054,0.638466,0.638466
-0.226981,0.637778,0.637778
-0.223072,0.632605,0.632605
-0.226757,0.640035,0.640035
-0.226375,0.637451,0.637451
-0.219988,0.636755,0.636755
-0.226804,0.630891,0.630891
-0.232308,0.634778,0.634778
-0.22557,0.634829,0.634829
-0.228481,0.635258,0.635258
-0.219862,0.633784,0.633784
-0.222817,0.633382,0.633382
-0.224543,0.637237,0.637237
-0.225227,0.634597,0.634597
-0.223734,0.634513,0.634513
-0.228429,0.639792,0.639792
-0.223443,0.635189,0.635189
-0.221955,0.635822,0.635822
-0.227177,0.638286,0.638286
-0.22562,0.634342,0.634342
-0.22615,0.634885,0.634885
-0.22564,0.633844,0.633844
-0.221539,0.639652,0.639652
-0.22543,0.634961,0.634961
-0.227442,0.636126,0.636126
-0.226798,0.640074,0.640074
-0.223272,0.634059,0.634059
-0.221526,0.637654,0.637654
-0.227992,0.636257,0.636257
-0.220019,0.639275,0.639275
-0.231355,0.63814,0.63814
-0.230211,0.636115,0.636115
-0.224692,0.636544,0.636544
-0.223007,0.639217,0.639217
-0.227358,0.63811,0.63811
-0.218973,0.637722,0.637722
-0.22483,0.635161,0.635161
-0.230351,0.640864,0.640864
-0.232929,0.635633,0.635633
-0.222166,0.641043,0.641043
-0.228431,0.635541,0.635541
-0.230222,0.636361,0.636361
-0.228905,0.63514,0.63514
-0.220476,0.641099,0.641099
-0.229787,0.637885,0.637885
-0.225196,0.63472,0.63472
-0.225893,0.633251,0.633251
-0.223891,0.640595,0.640595
-0.227105,0.633406,0.633406
-0.221383,0.634942,0.634942
-0.218959,0.635374,0.635374
-0.223514,0.638193,0.638193
-0.225588,0.638044,0.638044
-0.225111,0.636192,0.636192
-0.230743,0.635668,0.635668
-0.228989,0.632739,0.632739
-0.229508,0.633027,0.633027
-0.227683,0.637532,0.637532
-0.228161,0.631456,0.631456
-0.226656,0.635332,0.635332
-0.227634,0.635252,0.635252
-0.226792,0.634836,0.634836
-0.230119,0.634914,0.634914
-0.223472,0.636684,0.636684
-0.222871,0.637953,0.637953
-0.227131,0.630198,0.630198
-0.231957,0.63649,0.63649
-0.219614,0.635545,0.635545
-0.224444,0.637292,0.637292
-0.220214,0.641524,0.641524
-0.220431,0.638035,0.638035
-0.225006,0.633846,0.633846
-0.222158,0.637129,0.637129
-0.224007,0.635043,0.635043
-0.226159,0.63272,0.63272
-0.222837,0.638385,0.638385
-0.227067,0.637526,0.637526
-0.227313,0.63591,0.63591
-0.224599,0.633155,0.633155
-0.225799,0.635488,0.635488
-0.223024,0.638852,0.638852
-0.225554,0.636825,0.636825
-0.229929,0.636864,0.636864
-0.222899,0.636637,0.636637
-0.221889,0.637316,0.637316
-0.228716,0.62997,0.62997
-0.222316,0.637986,0.637986
-0.226192,0.636253,0.636253
-0.221892,0.636538,0.636538
-0.229821,0.632366,0.632366
-0.227623,0.636587,0.636587
-0.226707,0.635479,0.635479
-0.229284,0.634749,0.634749
-0.22017,0.633935,0.633935
-0.226619,0.639168,0.639168
-0.227337,0.633163,0.633163
-0.222658,0.637267,0.637267
-0.222765,0.637408,0.637408
-0.228431,0.635524,0.635524
-0.223714,0.640501,0.640501
-0.233027,0.634741,0.634741
-0.22356,0.635441,0.635441
-0.227772,0.642108,0.642108
-0.226689,0.633974,0.633974
-0.22052,0.6391,0.6391
-0.230585,0.63141,0.63141
-0.224717,0.632162,0.632162
-0.223332,0.632791,0.632791
-0.224902,0.636465,0.636465
-0.22572,0.639067,0.639067
-0.230312,0.636181,0.636181
-0.224986,0.639507,0.639507
-0.223474,0.641035,0.641035
-0.22542,0.634165,0.634165
-0.224692,0.630298,0.630298
-0.22715,0.638634,0.638634
-0.228933,0.635904,0.635904
-0.219305,0.638756,0.638756
-0.223359,0.636479,0.636479
-0.227538,0.637029,0.637029
-0.224042,0.633944,0.633944
-0.226145,0.63282,0.63282
-0.219159,0.633248,0.633248
-0.226893,0.630951,0.630951
-0.227276,0.633406,0.633406
-0.223627,0.630079,0.630079
-0.221149,0.63927,0.63927
-0.223355,0.641164,0.641164
-0.221351,0.637419,0.637419
-0.226377,0.638342,0.638342
-0.228447,0.637493,0.637493
-0.226918,0.639615,0.639615
-0.227149,0.630244,0.630244
-0.218985,0.638603,0.638603
-0.229932,0.638964,0.638964
-0.226712,0.632853,0.632853
-0.21992,0.634869,0.634869
-0.225448,0.638003,0.638003
-0.229244,0.634212,0.634212
-0.221516,0.637397,0.637397
-0.2293,0.637351,0.637351
-0.222628,0.637993,0.637993
-0.221965,0.638195,0.638195
-0.219951,0.637455,0.637455
-0.223546,0.636644,0.636644
-0.222493,0.630651,0.630651
-0.222073,0.639965,0.639965
-0.231057,0.632474,0.632474
-0.223829,0.63743,0.63743
-0.21909,0.637921,0.637921
-0.2269,0.634997,0.634997
-0.227969,0.634536,0.634536
-0.224802,0.638113,0.638113
-0.224607,0.637578,0.637578
-0.223358,0.634523,0.634523
-0.228212,0.638803,0.638803
-0.221412,0.635293,0.635293
-0.228102,0.637548,0.637548
-0.228288,0.637442,0.637442
-0.231223,0.637176,0.637176
-0.22711,0.632309,0.632309
-0.220213,0.635439,0.635439
-0.223133,0.641425,0.641425
-0.225656,0.632006,0.632006
-0.23147,0.62907,0.62907
-0.229685,0.637882,0.637882
-0.223225,0.637823,0.637823
-0.22008,0.635722,0.635722
-0.227877,0.631866,0.631866
-0.219514,0.639164,0.639164
-0.22619,0.640285,0.640285
-0.227174,0.639965,0.639965
-0.227743,0.633495,0.633495
-0.226205,0.637202,0.637202
-0.223981,0.633956,0.633956
-0.22568,0.639119,0.639119
-0.224416,0.637579,0.637579
-0.221749,0.633505,0.633505
-0.225334,0.635427,0.635427
-0.226492,0.631276,0.631276
-0.223017,0.633474,0.633474
-0.227301,0.638898,0.638898
-0.225467,0.640783,0.640783
-0.225946,0.638736,0.638736
-0.219297,0.640636,0.640636
-0.224399,0.637119,0.637119
-0.222228,0.637215,0.637215
-0.228558,0.636807,0.636807
-0.222511,0.634049,0.634049
-0.228503,0.635042,0.635042
-0.222998,0.639919,0.639919
-0.227821,0.633899,0.633899
-0.228567,0.633271,0.633271
-0.223809,0.635957,0.635957
-0.218882,0.637533,0.637533
-0.219771,0.638067,0.638067
-0.218236,0.637228,0.637228
-0.22135,0.632545,0.632545
-0.225619,0.634826,0.634826
-0.228197,0.632514,0.632514
-0.222313,0.632699,0.632699
-0.230845,0.63341,0.63341
-0.226793,0.631949,0.631949
-0.224858,0.635709,0.635709
-0.226736,0.637665,0.637665
-0.225648,0.639974,0.639974
-0.222836,0.631494,0.631494
-0.23036,0.630885,0.630885
-0.220035,0.634127,0.634127
-0.222058,0.633686,0.633686
-0.224398,0.636859,0.636859
-0.229892,0.638319,0.638319
-0.227673,0.630518,0.630518
-0.224196,0.639542,0.639542
-0.226271,0.635771,0.635771
-0.224107,0.636932,0.636932
-0.220929,0.630577,0.630577
-0.220972,0.633385,0.633385
-0.223606,0.633247,0.633247
-0.222497,0.631369,0.631369
-0.224792,0.632185,0.632185
-0.227391,0.636697,0.636697
-0.226491,0.636733,0.636733
-0.228408,0.635283,0.635283
-0.224537,0.633351,0.633351
-0.224336,0.635134,0.635134
-0.22727,0.637755,0.637755
-0.225962,0.637243,0.637243
-0.221573,0.634968,0.634968
-0.224074,0.632935,0.632935
-0.221731,0.63878,0.63878
-0.220254,0.631194,0.631194
-0.223716,0.638413,0.638413
-0.224826,0.63686,0.63686
-0.228094,0.635239,0.635239
-0.23356,0.636937,0.636937
-0.226816,0.637414,0.637414
-0.222713,0.634931,0.634931
-0.228139,0.633246,0.633246
-0.221634,0.636234,0.636234
-0.22223,0.636433,0.636433
-0.222741,0.637569,0.637569
-0.227361,0.632922,0.632922
-0.225043,0.637137,0.637137
-0.224789,0.639002,0.639002
-0.225901,0.639255,0.639255
-0.222137,0.637823,0.637823
-0.22812,0.635746,0.635746
-0.223355,0.635386,0.635386
-0.229492,0.634305,0.634305
-0.226308,0.635756,0.635756
-0.224435,0.635912,0.635912
-0.222487,0.6301,0.6301
-0.222414,0.641795,0.641795
-0.227602,0.636691,0.636691
-0.22593,0.634295,0.634295
-0.228752,0.636154,0.636154
-0.224893,0.633173,0.633173
-0.225304,0.632676,0.632676
-0.222406,0.637639,0.637639
-0.229537,0.636453,0.636453
-0.230619,0.636326,0.636326
-0.227002,0.64172,0.64172
-0.222536,0.635942,0.635942
-0.223756,0.636056,0.636056
-0.22426,0.635946,0.635946
-0.221552,0.632448,0.632448
-0.225824,0.635247,0.635247
-0.217694,0.635187,0.635187
-0.222602,0.635333,0.635333
-0.224309,0.635217,0.635217
-0.217814,0.639641,0.639641
-0.222689,0.636164,0.636164
-0.22397,0.631715,0.631715
-0.225628,0.632772,0.632772
-0.226457,0.637619,0.637619
-0.220667,0.637253,0.637253
-0.23052,0.631979,0.631979
-0.224939,0.633631,0.633631
-0.220509,0.637548,0.637548
-0.227436,0.639426,0.639426
-0.223017,0.638411,0.638411
-0.221111,0.637577,0.637577
-0.226678,0.635925,0.635925
-0.22494,0.634349,0.634349
-0.224816,0.640437,0.640437
-0.225131,0.631629,0.631629
-0.220218,0.635146,0.635146
-0.229078,0.634019,0.634019
-0.219174,0.634674,0.634674
-0.224877,0.634162,0.634162
-0.219814,0.631806,0.631806
-0.224577,0.639148,0.639148
-0.224628,0.631882,0.631882
-0.228201,0.634521,0.634521
-0.221201,0.637048,0.637048
-0.226849,0.637699,0.637699
-0.226181,0.636055,0.636055
-0.224831,0.635768,0.635768
-0.22531,0.634534,0.634534
-0.229267,0.640429,0.640429
-0.22574,0.633874,0.633874
-0.222291,0.638613,0.638613
-0.228435,0.637008,0.637008
-0.227144,0.640405,0.640405
-0.230799,0.634512,0.634512
-0.227571,0.637925,0.637925
-0.223037,0.633717,0.633717
-0.226921,0.636941,0.636941
-0.225228,0.638884,0.638884
-0.222115,0.640836,0.640836
-0.226797,0.636173,0.636173
-0.226722,0.634815,0.634815
-0.221549,0.634058,0.634058
-0.223434,0.641643,0.641643
-0.227312,0.634775,0.634775
-0.226081,0.639927,0.639927
-0.220575,0.636382,0.636382
-0.228817,0.636504,0.636504
-0.225826,0.63638,0.63638
-0.226528,0.639938,0.639938
-0.218967,0.633445,0.633445
-0.226342,0.639874,0.639874
-0.228119,0.633843,0.633843
-0.224804,0.639283,0.639283
-0.220205,0.634151,0.634151
-0.222227,0.637614,0.637614
-0.221262,0.637266,0.637266
-0.221961,0.638194,0.638194
-0.223683,0.63477,0.63477
-0.227779,0.63771,0.63771
-0.226564,0.633413,0.633413
-0.226248,0.639098,0.639098
-0.220676,0.633094,0.633094
-0.224666,0.637064,0.637064
-0.222778,0.634157,0.634157
-0.227395,0.633342,0.633342
-0.231015,0.636152,0.636152
-0.227943,0.638458,0.638458
-0.220688,0.642596,0.642596
-0.231398,0.633597,0.633597
-0.221925,0.63639,0.63639
-0.225038,0.635554,0.635554
-0.229741,0.639155,0.639155
-0.22598,0.636531,0.636531
-0.229181,0.630812,0.630812
-0.230691,0.635406,0.635406
-0.2249,0.639356,0.639356
-0.219932,0.638487,0.638487
-0.22212,0.637585,0.637585
-0.226583,0.640793,0.640793
-0.223351,0.636848,0.636848
-0.226852,0.633963,0.633963
-0.220194,0.636773,0.636773
-0.225402,0.634609,0.634609
-0.221008,0.634975,0.634975
-0.224911,0.634906,0.634906
-0.221407,0.633104,0.633104
-0.21784,0.638986,0.638986
-0.225023,0.634937,0.634937
-0.224951,0.639861,0.639861
-0.226054,0.63645,0.63645
-0.224761,0.636432,0.636432
-0.22373,0.63365,0.63365
-0.224784,0.633745,0.633745
-0.222589,0.638224,0.638224
-0.220347,0.640075,0.640075
-0.22521,0.636828,0.636828
-0.226509,0.63745,0.63745
-0.231952,0.636077,0.636077
-0.224403,0.637607,0.637607
-0.224541,0.635979,0.635979
-0.227806,0.642068,0.642068
-0.225722,0.636624,0.636624
-0.221615,0.63669,0.63669
-0.228451,0.637265,0.637265
-0.230382,0.637645,0.637645
-0.225538,0.640203,0.640203
-0.226765,0.634361,0.634361
-0.226385,0.640322,0.640322
-0.223543,0.636438,0.636438
-0.227986,0.635059,0.635059
-0.226518,0.633189,0.633189
-0.223789,0.634117,0.634117
-0.226371,0.642077,0.642077
-0.226089,0.633109,0.633109
-0.227828,0.632245,0.632245
-0.225287,0.642815,0.642815
-0.22779,0.637904,0.637904
-0.224891,0.632328,0.632328
-0.231195,0.634094,0.634094
-0.219124,0.632841,0.632841
-0.228818,0.631401,0.631401
-0.223617,0.632774,0.632774
-0.227929,0.637647,0.637647
-0.229039,0.634264,0.634264
-0.225666,0.636507,0.636507
-0.225925,0.632417,0.632417
-0.222648,0.635513,0.635513
-0.223393,0.636568,0.636568
-0.222728,0.633155,0.633155
-0.22046,0.636062,0.636062
-0.223724,0.631803,0.631803
-0.225997,0.632466,0.632466
-0.227713,0.63703,0.63703
-0.22782,0.63871,0.63871
-0.221529,0.633226,0.633226
-0.224283,0.631839,0.631839
-0.221558,0.631145,0.631145
-0.227738,0.634093,0.634093
-0.228161,0.632879,0.632879
-0.227778,0.640763,0.640763
-0.220765,0.639516,0.639516
-0.231204,0.635386,0.635386
-0.224907,0.64137,0.64137
-0.222045,0.631315,0.631315
-0.226497,0.637189,0.637189
-0.235766,0.635136,0.635136
-0.223729,0.640146,0.640146
-0.230271,0.634333,0.634333
-0.218025,0.640008,0.640008
-0.221246,0.639966,0.639966
-0.221289,0.642028,0.642028
-0.231105,0.635141,0.635141
-0.221576,0.635633,0.635633
-0.230313,0.635191,0.635191
-0.224157,0.633833,0.633833
-0.229982,0.635932,0.635932
-0.224538,0.635695,0.635695
-0.228004,0.633151,0.633151
-0.22264,0.630503,0.630503
-0.225443,0.631946,0.631946
-0.223222,0.637967,0.637967
-0.229971,0.634971,0.634971
-0.221482,0.636181,0.636181
-0.228015,0.635951,0.635951
-0.232937,0.638796,0.638796
-0.2269,0.63833,0.63833
-0.232283,0.635484,0.635484
-0.221673,0.641431,0.641431
-0.227231,0.635891,0.635891
-0.222247,0.64037,0.64037
-0.227509,0.634586,0.634586
-0.217776,0.632509,0.632509
-0.220295,0.635576,0.635576
-0.22303,0.6366,0.6366
-0.226386,0.639908,0.639908
-0.227233,0.639191,0.639191
-0.225426,0.63423,0.63423
-0.227603,0.638505,0.638505
-0.22514,0.633022,0.633022
-0.22261,0.637396,0.637396
-0.225975,0.627907,0.627907
-0.223114,0.635671,0.635671
-0.223434,0.634478,0.634478
-0.224173,0.636921,0.636921
-0.217724,0.636618,0.636618
-0.224432,0.633859,0.633859
-0.226642,0.634665,0.634665
-0.228669,0.634874,0.634874
-0.222023,0.639271,0.639271
-0.227822,0.632587,0.632587
-0.225014,0.635853,0.635853
-0.226471,0.634846,0.634846
-0.228099,0.63714,0.63714
-0.224103,0.633196,0.633196
-0.220472,0.631258,0.631258
-0.224569,0.633968,0.633968
