tr,trp1,trp2,trp3,sigma,pi1,pi2,pi3
1.0257,0.00154563,9.77522e-18,-0.000597334,-1.07834,-4.75436e-05,4.46506e-18,7.27862e-05
1.06147,2.52904e-05,4.58608e-19,0.000458688,-1.07479,-4.15913e-05,2.00565e-19,4.29606e-06
1.09186,0.00105514,1.75183e-20,-0.000286203,-1.0767,-2.3292e-05,8.08958e-21,-8.00342e-05
1.06159,-0.00071206,6.51051e-22,0.00040764,-1.07426,3.50929e-05,3.21071e-22,7.516e-05
1.08821,0.000853236,2.80397e-23,0.00132371,-1.07488,-3.14533e-05,1.24701e-23,-4.29191e-05
1.0946,0.000631108,1.08821e-24,0.00141707,-1.08041,-6.33439e-05,5.35213e-25,-4.24034e-05
1.02899,0.00058226,5.35785e-26,0.00141675,-1.07665,-1.89327e-05,2.2041e-26,-3.82384e-05
1.07145,-0.000220907,1.82487e-27,-0.00222329,-1.07546,3.8787e-05,9.26063e-28,7.0846e-05
1.10758,-0.00105228,8.91562e-29,-0.000770898,-1.07649,3.6621e-05,3.76589e-29,4.40361e-06
1.08416,-0.00106686,3.00497e-30,-0.00154669,-1.07553,-3.96173e-05,1.61267e-30,-2.35509e-05
1.11214,0.000734791,1.57875e-31,-0.00114856,-1.07594,5.79743e-05,6.31685e-32,7.24884e-05
1.06833,-0.000442657,5.8288e-33,0.000749144,-1.07503,3.94739e-05,2.60172e-33,3.9239e-05
1.04914,0.000324373,1.89706e-34,-3.40707e-05,-1.07494,7.52281e-05,1.04927e-34,4.45801e-05
1.0585,-0.00171492,1.07987e-35,0.000642147,-1.07468,2.8088e-05,4.40947e-36,-6.4197e-07
1.10053,0.000441509,4.16086e-37,-0.00201731,-1.07838,2.44432e-06,1.87413e-37,-8.87425e-07
1.01989,0.000172134,1.69822e-38,-0.00124773,-1.07813,2.31239e-05,7.77005e-39,-5.88643e-06
1.08017,0.000177048,6.12295e-40,-0.00266015,-1.07715,2.06846e-05,3.26288e-40,5.20124e-05
1.06456,0.00182023,2.73797e-41,-0.000410845,-1.07691,-3.93846e-05,1.37912e-41,2.75251e-05
1.10146,0.000383961,1.10544e-42,-7.80524e-06,-1.07817,2.30751e-05,5.91203e-43,-0.000118078
1.08633,0.000113881,5.15917e-44,-0.00143446,-1.07922,4.72444e-05,2.42081e-44,1.10924e-05
1.05551,0.000276173,2.31112e-45,-0.00188331,-1.0771,3.87296e-05,1.00628e-45,5.26943e-05
1.06837,-0.00186477,9.72609e-47,-0.000818175,-1.07626,0.000144667,4.15095e-47,7.81508e-05
1.05602,-0.000164888,3.7154e-48,0.00188948,-1.07486,-0.000148522,1.57073e-48,-8.48265e-06
1.10171,-0.0018697,1.61531e-49,-0.00172502,-1.0748,1.49134e-05,6.3224e-50,6.19706e-05
1.05958,0.000276777,5.65859e-51,-0.000663087,-1.07676,5.91236e-05,2.53077e-51,3.81787e-06
1.0554,0.00238269,2.27396e-52,0.00181282,-1.07523,3.35982e-05,1.03125e-52,-0.000107349
1.07418,0.000685616,9.85715e-54,-0.000296839,-1.07689,-4.82207e-05,4.2766e-54,4.42505e-05
1.06506,-0.00159316,3.803e-55,0.00315975,-1.07659,-2.30601e-05,1.83107e-55,-0.000120639
1.0552,0.000579581,1.67655e-56,0.00446356,-1.07734,6.68555e-05,7.62435e-57,-0.000111018
1.0909,0.00019019,7.55445e-58,0.00130556,-1.07739,-0.000100764,3.18689e-58,-3.77414e-05
1.08284,-0.00142631,2.69515e-59,-0.000538559,-1.07869,7.95168e-05,1.30246e-59,-7.33715e-05
1.08464,-0.000153171,1.22599e-60,-0.000483339,-1.07753,-1.08437e-05,5.31034e-61,-6.60788e-06
1.06311,-0.00123986,5.13363e-62,0.000644956,-1.07635,5.96133e-05,2.11603e-62,-2.04664e-06
1.07961,-0.00103792,2.03172e-63,0.000442493,-1.07946,8.42412e-05,8.70845e-64,2.45432e-05
1.07544,-0.0010885,6.83552e-65,-0.000260654,-1.07789,8.74744e-06,3.58417e-65,-4.0535e-05
1.09111,-0.000930713,3.36389e-66,-0.000398667,-1.07463,3.45064e-05,1.50342e-66,-2.86793e-05
1.07524,0.000432777,1.31361e-67,-0.000127157,-1.07434,-1.78617e-05,6.20144e-68,-2.05831e-05
1.08339,0.00116057,6.31902e-69,0.000491742,-1.07552,2.56045e-05,2.54707e-69,4.42619e-05
1.05506,0.000164162,2.19659e-70,-0.000902931,-1.07504,0.000103181,1.02831e-70,-6.5522e-05
1.08721,-0.0010479,9.53818e-72,-0.000892352,-1.0745,7.25727e-06,4.26247e-72,-5.15889e-05
1.07652,0.000757309,3.76407e-73,0.00113289,-1.07673,4.21189e-05,1.73253e-73,-4.46774e-05
1.05148,0.000482205,1.84557e-74,-0.000949444,-1.07766,-0.000123913,7.38422e-75,-1.56034e-05
1.1095,-0.000300834,6.89872e-76,0.000532026,-1.07889,-8.59285e-05,3.04362e-76,4.90799e-05
1.06424,-0.00048152,2.62133e-77,0.000594762,-1.07667,6.85999e-05,1.30563e-77,-1.46578e-05
1.10018,-0.0016724,1.0994e-78,0.00139986,-1.07632,7.28822e-05,5.40218e-79,2.32059e-05
1.10011,0.00128273,5.34224e-80,0.000218155,-1.07734,-2.66569e-06,2.35069e-80,4.99832e-05
1.05476,-0.000620364,2.1282e-81,0.000156404,-1.07515,-6.88734e-05,9.75872e-82,9.35041e-05
1.05771,0.000272339,7.63161e-83,0.00160044,-1.07576,-2.67609e-05,4.07326e-83,5.8386e-05
1.06952,0.000511548,3.78022e-84,-0.000634083,-1.07366,-5.10949e-06,1.72421e-84,5.37688e-05
1.04317,0.000362403,1.5152e-85,0.00020881,-1.07652,-6.09467e-05,7.03174e-86,1.09517e-05
1.11031,0.000198911,6.0819e-87,0.00213154,-1.0756,3.24024e-05,2.8473e-87,-7.19989e-05
1.07402,0.000795154,2.41218e-88,0.00324313,-1.07495,-0.000114721,1.1689e-88,-6.8674e-05
1.04221,0.000577382,1.08827e-89,0.000254039,-1.07401,-3.63587e-06,4.76633e-90,-1.24661e-05
1.07147,0.00134296,4.21375e-91,-0.00139284,-1.07665,-8.05762e-05,1.94407e-91,-0.000102767
1.1021,-0.000788057,1.82511e-92,-0.000703601,-1.07632,-3.26846e-05,8.31581e-93,6.16891e-05
1.08533,-0.00108601,7.14899e-94,0.000101494,-1.07561,6.16503e-05,3.49353e-94,-1.20294e-05
1.06943,7.38467e-05,3.24075e-95,-0.00076529,-1.07567,-0.000140872,1.4936e-95,-9.69492e-05
1.09223,-4.88204e-07,1.38188e-96,0.000478748,-1.07577,-2.11136e-05,6.32046e-97,-2.93464e-05
1.04611,-0.000342351,5.75449e-98,-0.000754905,-1.07461,-1.49732e-05,2.67583e-98,7.4072e-05
1.0595,-0.000381967,2.31485e-99,0.000317259,-1.07573,-3.36572e-05,1.09725e-99,-2.37694e-05
1.09273,0.00164411,9.54403e-101,8.04864e-05,-1.07544,1.1633e-05,4.72693e-101,7.83884e-05
1.07255,0.00149304,4.21164e-102,0.00236552,-1.07586,2.1454e-05,1.98537e-102,-8.87087e-05
1.10475,-0.00172055,1.8123e-103,0.00229976,-1.07692,-2.58356e-05,8.00427e-104,-8.8184e-05
1.06499,-0.00189993,7.36524e-105,-0.000896764,-1.0762,-6.67364e-05,3.21431e-105,3.42112e-05
1.0572,-0.00122075,2.87416e-106,-0.000869385,-1.07476,0.000107551,1.28156e-106,6.0271e-05
1.03134,0.000667911,1.25642e-107,-0.000942339,-1.07488,-2.47101e-05,5.26419e-108,-8.80701e-06
1.06325,-0.00100135,4.62728e-109,-0.000956628,-1.07639,-4.02204e-05,2.17577e-109,1.436e-05
1.08932,-0.000134684,2.02843e-110,-0.00132493,-1.07676,-6.87618e-05,8.9159e-111,1.48421e-05
1.10354,-0.000267216,8.45538e-112,0.000293094,-1.07838,-7.79578e-05,3.70883e-112,0.000106293
1.10208,0.000468412,3.29049e-113,0.00148201,-1.07906,6.91867e-05,1.50232e-113,1.65557e-05
1.07796,0.00125786,1.38816e-114,-0.00021084,-1.07678,1.33268e-05,6.23969e-115,-9.06061e-05
1.05864,0.00105079,5.54459e-116,-0.000770128,-1.07384,-3.72594e-05,2.61758e-116,-3.34853e-05
1.08431,0.000575546,2.41601e-117,-0.00121049,-1.07581,4.80665e-05,1.09637e-117,-7.39204e-05
1.06369,0.00184888,9.55757e-119,0.000326989,-1.07294,-2.18922e-06,4.43653e-119,-0.000139308
1.08284,0.00261053,3.73823e-120,0.00120171,-1.07635,3.31725e-05,1.7862e-120,-7.98283e-05
1.0793,-0.00231216,1.59197e-121,8.39007e-05,-1.07771,0.000140289,7.28577e-122,5.43975e-05
1.09543,0.00102122,6.46828e-123,-0.00155237,-1.07503,1.60164e-05,2.88953e-123,-6.72017e-05
1.05605,0.000740573,2.35928e-124,-0.0009033,-1.07726,-3.30654e-05,1.17793e-124,-0.000107336
1.04445,0.000412859,1.09851e-125,0.00151225,-1.07784,8.77078e-05,4.99827e-126,1.58831e-05
1.07386,-0.00264254,4.80722e-127,-0.00208262,-1.07453,6.9892e-05,2.02978e-127,9.69912e-05
1.06847,0.000284726,1.86249e-128,0.0019759,-1.07134,-5.89939e-05,8.34973e-129,-7.85515e-06
1.05068,-0.000883867,8.10784e-130,0.00038758,-1.07419,5.08646e-05,3.48169e-130,-1.20751e-05
1.10367,-0.000543881,3.15116e-131,0.00197946,-1.07215,4.40092e-06,1.43158e-131,-7.26291e-05
1.07543,0.000835783,1.204e-132,0.00121715,-1.07645,-0.000112235,5.92238e-133,-1.70059e-05
1.09503,0.00110854,5.27125e-134,-0.0014917,-1.07625,-2.12297e-05,2.42998e-134,6.14501e-06
1.07841,-0.00176496,2.14202e-135,0.00097834,-1.07742,0.000138538,9.98927e-136,6.13481e-06
1.09649,-0.000979273,9.08619e-137,0.000307724,-1.07572,-9.48336e-05,4.03188e-137,9.16802e-06
1.07412,-0.000651484,3.57121e-138,0.000120828,-1.07609,-6.83503e-05,1.68633e-138,7.98227e-05
1.07954,0.00065788,1.55556e-139,0.000800781,-1.0764,8.82583e-05,6.76644e-140,-2.07249e-05
1.10801,-0.00130683,5.8423e-141,-0.000553712,-1.07841,8.16702e-05,2.64873e-141,5.86204e-06
1.06677,0.000742003,2.33643e-142,0.0014406,-1.07645,3.07132e-05,1.09547e-142,-7.54318e-05
1.0641,-0.00127896,1.0194e-143,0.000535605,-1.07612,6.65995e-05,4.47132e-144,-2.9274e-06
1.05087,-0.000883555,3.94442e-145,-0.00135621,-1.07714,-0.000103648,1.79012e-145,-2.94505e-05
1.05451,0.00158375,1.80673e-146,-0.000172665,-1.07688,-1.63743e-05,7.58785e-147,3.49848e-05
1.11414,0.000788255,6.73678e-148,-0.000846481,-1.07852,8.40081e-05,3.10888e-148,6.67626e-05
1.06313,-0.00134067,2.7707e-149,-0.00154642,-1.07749,-2.7826e-05,1.27948e-149,-1.6366e-05
1.08214,-0.00106482,1.11715e-150,0.00211237,-1.07605,4.06696e-05,5.2621e-151,-4.02833e-05
1.06202,0.00244342,4.61091e-152,-0.000666879,-1.07705,3.33724e-05,2.17148e-152,-3.2093e-05
1.06409,0.000933461,1.97037e-153,-0.00113412,-1.07612,-0.000117957,9.06566e-154,-5.62571e-05
1.07897,0.00133354,7.55302e-155,-0.00062457,-1.07657,-9.75958e-05,3.63069e-155,-7.90924e-05
1.06657,-0.00100121,3.0221e-156,-3.33143e-05,-1.07823,-6.14568e-05,1.44485e-156,4.95018e-06
1.0699,0.00126609,1.24678e-157,-0.00121934,-1.07585,-4.58461e-05,5.96975e-158,5.71448e-05
1.0494,0.00237094,5.51278e-159,0.000701929,-1.07558,-0.000170044,2.43179e-159,-1.14655e-05
1.06834,0.000146844,2.2074e-160,-0.000729923,-1.07623,2.31797e-05,1.00607e-160,-5.49274e-05
1.07231,0.000542997,9.39361e-162,0.000394321,-1.07567,5.01609e-05,4.25591e-162,6.71445e-05
1.06574,0.00160801,4.02733e-163,-0.000947281,-1.07387,4.5569e-05,1.80078e-163,-5.54837e-05
1.04928,0.00229882,1.56236e-164,-0.00126483,-1.07679,-2.26913e-05,7.43325e-165,0.000147518
1.09589,-0.000124405,7.2557e-166,0.00150783,-1.07804,-4.5116e-05,3.13426e-166,5.82008e-05
1.08371,-0.000138047,3.0108e-167,0.000335948,-1.07584,-5.38513e-05,1.31957e-167,1.12853e-05
1.03961,-0.000869299,1.32167e-168,-0.000317992,-1.07677,3.65076e-06,5.55772e-169,0.00014533
1.06512,-0.000449275,4.93528e-170,-0.00164448,-1.07587,-7.77632e-05,2.27143e-170,-1.44666e-06
1.10299,0.000259888,2.01647e-171,-0.00239615,-1.07803,-2.84778e-05,9.5201e-172,8.81515e-05
1.04959,0.00147359,9.02724e-173,0.00172277,-1.07496,-0.000115043,3.92583e-173,-3.03378e-05
1.12424,-0.00197081,3.46558e-174,0.000173053,-1.07788,7.29163e-05,1.63744e-174,-4.66214e-05
1.09435,0.000805486,1.50489e-175,-0.00022985,-1.0765,-3.68709e-05,6.66959e-176,2.21764e-05
1.08358,-0.000341251,6.00995e-177,-0.00042429,-1.07616,3.91143e-05,2.73331e-177,-2.26032e-05
1.06638,0.000290594,2.53837e-178,0.000825907,-1.07449,1.79665e-05,1.14859e-178,-2.99592e-05
1.05408,-6.05472e-05,1.02666e-179,0.000759327,-1.07386,-2.78007e-06,4.75266e-180,7.61982e-05
1.04329,-0.00123355,4.19516e-181,-0.00151889,-1.07632,0.000138486,1.95696e-181,-0.000127418
1.08518,-5.72365e-05,1.81595e-182,-0.000627893,-1.07821,7.92749e-05,8.17887e-183,-7.46584e-05
1.08077,1.41102e-05,7.35217e-184,0.00182531,-1.07496,0.000123962,3.2973e-184,-5.86392e-05
1.0462,-0.000185305,3.0588e-185,-0.00111557,-1.07657,-4.6019e-06,1.4043e-185,4.4342e-05
1.07828,-0.000936994,1.22711e-186,-0.0007477,-1.07613,-4.28203e-05,5.61096e-187,1.90012e-05
1.06632,0.00143583,5.29793e-188,0.00117767,-1.07698,-8.87044e-05,2.33142e-188,-0.000126181
1.0296,0.000476647,2.15056e-189,-0.000424375,-1.07434,-0.000103099,9.56646e-190,1.34449e-05
1.06036,-0.0016962,8.37835e-191,-0.000182928,-1.0753,7.25901e-05,3.79743e-191,-0.000104389
1.08163,-0.000209917,3.0351e-192,-0.00062053,-1.07426,4.15945e-05,1.50599e-192,0.000115775
1.10221,-0.000626881,1.4403e-193,-0.00110401,-1.07514,-1.87775e-05,6.35091e-194,3.80786e-05
1.0385,-0.0013209,5.69701e-195,-0.000565586,-1.07806,0.000218798,2.5717e-195,9.90779e-05
1.0869,-0.00107075,2.48616e-196,-0.000248925,-1.08033,-5.51465e-05,1.06819e-196,-1.44224e-05
1.12215,0.00124493,9.87565e-198,-0.000249136,-1.07669,-5.07598e-05,4.42152e-198,6.7286e-05
1.09171,0.00109797,4.00094e-199,-0.000310708,-1.0777,-5.30366e-05,1.84013e-199,-7.94169e-06
1.09672,0.00131501,1.58413e-200,-0.00192764,-1.07497,-1.80866e-05,7.45289e-201,3.87381e-05
1.04493,-0.00152633,6.80158e-202,0.000360816,-1.07754,-1.61922e-05,3.11981e-202,-5.17992e-05
1.0483,0.000201257,2.72394e-203,-0.00131593,-1.07513,8.14736e-06,1.29282e-203,4.22351e-05
1.05804,-0.000932486,1.14637e-204,0.00179044,-1.0753,-4.15638e-05,5.31688e-205,-5.49314e-05
1.06859,0.00190198,4.56711e-206,0.000307646,-1.07472,-1.56436e-05,2.17496e-206,-4.38344e-05
1.07433,-0.000484642,1.96616e-207,-3.10617e-05,-1.07406,-8.11235e-06,8.85558e-208,-3.69853e-05
1.08367,-0.000969506,8.51027e-209,-0.00124291,-1.07732,3.11704e-05,3.74815e-209,9.24413e-05
1.11106,0.000614587,3.25643e-210,-0.00197182,-1.07658,2.72867e-06,1.51546e-210,5.32876e-05
1.10264,-0.00161999,1.43932e-211,0.000177528,-1.07712,-1.12422e-08,6.01504e-212,-1.4223e-05
1.08077,-0.00103262,5.52521e-213,-0.00210439,-1.0788,8.42306e-05,2.50492e-213,2.59864e-05
1.08743,-0.00029959,2.42205e-214,-7.09966e-05,-1.07818,-6.01692e-05,1.03846e-214,5.18459e-05
1.07328,-0.00132396,9.53128e-216,-0.00047259,-1.07749,-3.78232e-05,4.25801e-216,1.99091e-05
1.07003,-0.000844271,3.98467e-217,-0.00155113,-1.07403,-4.97405e-05,1.78254e-217,0.000101286
1.04696,0.0010409,1.70875e-218,-0.00249861,-1.07858,-7.89794e-05,7.46314e-219,3.05038e-06
1.04616,0.00101135,6.60909e-220,-0.00183966,-1.07661,-1.28618e-05,3.1158e-220,1.36133e-05
1.05648,-0.000631215,2.85176e-221,0.00214803,-1.07565,-3.31737e-05,1.31195e-221,-7.31752e-05
1.06674,0.00161079,1.11404e-222,-0.000854922,-1.07187,-0.000133196,5.47677e-223,-7.01586e-06
1.04904,-0.00114119,5.06905e-224,0.00107482,-1.0726,2.26213e-05,2.36444e-224,3.56955e-06
1.06619,-0.000816658,2.24147e-225,-0.000632375,-1.07371,-8.85255e-05,9.97489e-226,0.000136928
1.08529,-0.0013887,9.20499e-227,0.000165692,-1.07501,-6.22251e-05,4.10491e-227,2.74636e-06
1.07752,-0.00184519,3.98528e-228,-4.4846e-05,-1.07559,-5.97509e-05,1.71367e-228,7.2159e-05
1.06304,-0.00103167,1.49755e-229,0.000625402,-1.07665,0.000116686,6.88463e-230,6.49183e-05
1.07972,0.000546032,6.14244e-231,-0.0013923,-1.07408,0.000116126,2.78898e-231,-1.63892e-05
1.0734,0.0001845,2.64224e-232,-0.000499733,-1.07409,-1.28635e-05,1.17779e-232,-7.27831e-05
1.07987,0.000576844,1.13663e-233,-0.00205455,-1.07442,-0.000112191,4.78634e-234,8.22736e-05
1.10794,0.000253392,4.5871e-235,-0.00135429,-1.07599,3.47679e-05,1.9933e-235,4.93046e-05
1.04111,-7.37531e-05,1.84835e-236,-0.000400774,-1.07605,-1.26668e-05,8.30888e-237,-2.28909e-05
1.07093,0.000698632,7.14519e-238,-0.000460024,-1.07418,-0.000144858,3.45307e-238,-7.37748e-05
1.07676,-0.00187745,3.23402e-239,0.000311143,-1.07497,0.000164794,1.45539e-239,-1.96139e-05
1.06913,-0.000311031,1.30675e-240,0.000931005,-1.07602,-1.92622e-05,5.89741e-241,-0.000124507
1.05624,-0.000985352,5.33175e-242,-0.000131791,-1.07632,3.51776e-05,2.48119e-242,7.47124e-05
1.05773,0.00171372,2.22072e-243,-0.000435907,-1.07606,-0.000115585,1.03914e-243,1.21319e-06
1.04084,-2.12109e-05,8.73189e-245,-0.00116002,-1.07429,1.5636e-05,4.16307e-245,-7.8831e-05
1.05517,0.000294755,3.47061e-246,0.00191563,-1.07618,-0.000110211,1.70492e-246,-4.12819e-05
1.10268,0.00110241,1.62438e-247,0.000641123,-1.07657,2.20041e-06,7.17838e-248,4.63099e-05
1.08381,0.00233789,6.58074e-249,-0.00149266,-1.07466,2.50758e-06,3.03296e-249,-2.19973e-05
1.05218,0.000647182,2.75254e-250,0.000177585,-1.07563,-3.90283e-05,1.2658e-250,0.000132389
1.12797,-0.00156154,1.17244e-251,-0.000195617,-1.07616,-5.38842e-05,5.38455e-252,9.09691e-05
1.07113,0.000920056,4.83602e-253,0.000451471,-1.07548,1.67826e-06,2.26184e-253,-4.65772e-05
1.09846,-0.00142741,1.97151e-254,1.96975e-05,-1.07886,1.02506e-05,9.17436e-255,4.22977e-05
1.08623,0.000751849,8.56033e-256,-0.000921301,-1.07549,-3.37547e-05,3.9108e-256,-0.000108021
1.11323,0.00011821,3.54119e-257,-0.000470357,-1.07717,5.93746e-05,1.60969e-257,-6.87375e-05
1.07622,-0.000756817,1.56603e-258,0.00280928,-1.07825,0.000109822,6.8408e-259,-1.96882e-05
1.11095,0.000991105,6.36641e-260,0.000844367,-1.07709,2.34217e-05,2.77369e-260,-1.37916e-05
1.07559,-0.000530916,2.43078e-261,-0.00237832,-1.07709,-3.03745e-05,1.141e-261,0.000110032
1.0617,-0.00142068,9.68748e-263,0.000637507,-1.07612,0.000102665,4.82997e-263,8.39334e-05
1.11471,-0.000637601,4.43927e-264,1.79094e-05,-1.07595,7.11261e-05,2.03035e-264,2.39946e-05
1.04107,-0.000755839,1.89566e-265,-0.000156743,-1.07614,5.77081e-05,8.34287e-266,-2.18391e-05
1.08167,-0.000856433,7.41033e-267,0.00169175,-1.07403,-0.000110251,3.44926e-267,3.01816e-05
1.05691,0.000221589,2.97451e-268,-0.000699716,-1.07371,-6.12481e-07,1.38542e-268,-2.46364e-05
1.08271,-0.000149357,1.27763e-269,-0.00177799,-1.07401,6.75505e-05,5.93743e-270,0.000101478
1.0678,-0.000158815,5.19761e-271,0.00225627,-1.07751,4.44835e-05,2.45128e-271,-7.55065e-05
1.06201,-0.00301223,2.35413e-272,-0.00138471,-1.074,-4.18444e-06,1.0556e-272,2.96579e-05
1.05611,0.002584,9.57211e-274,0.000867558,-1.07678,-4.77935e-05,4.25288e-274,-4.11443e-05
1.06628,-0.00154563,3.73122e-275,0.00100471,-1.07802,2.60486e-05,1.70732e-275,-1.12128e-05
1.10046,-0.00101777,1.58916e-276,-0.000583178,-1.07982,5.19726e-05,7.26885e-277,6.55692e-07
1.04109,0.00123831,6.70398e-278,0.000975131,-1.07607,-3.08109e-05,3.00586e-278,3.30231e-05
1.10127,-0.000991786,2.72671e-279,0.00114551,-1.07619,-8.97928e-05,1.22582e-279,-8.47525e-06
1.09012,0.00191151,1.14025e-280,-0.000214877,-1.07571,6.59656e-05,4.91695e-281,4.31795e-05
1.10551,0.000590803,4.59968e-282,-0.00096194,-1.07607,-3.98664e-08,2.03971e-282,-2.56502e-05
1.09113,0.000637997,1.83803e-283,-0.000364643,-1.07591,-7.04345e-05,8.52048e-284,4.21286e-06
1.10194,-0.00123799,7.87188e-285,0.000647149,-1.07639,1.7387e-05,3.53883e-285,-1.45462e-05
1.09227,6.10038e-05,3.2872e-286,-0.000150174,-1.07794,-2.22927e-05,1.46635e-286,0.000197843
1.10864,0.0015009,1.34173e-287,0.00110417,-1.07607,-5.77403e-05,6.19817e-288,-4.79021e-06
1.0737,-0.000150978,5.63603e-289,0.00319417,-1.0751,-0.000106707,2.60227e-289,-0.000130872
1.08581,0.000103878,2.48203e-290,-0.000399283,-1.07595,-3.13033e-05,1.07556e-290,-5.39139e-05
1.08666,-0.00222388,9.8e-292,2.75957e-05,-1.07293,6.11261e-06,4.40909e-292,-9.47739e-05
1.10065,-0.00115383,3.93099e-293,0.00167797,-1.07629,4.45149e-05,1.8066e-293,-2.69961e-05
1.11487,0.00166024,1.67778e-294,0.000351732,-1.07612,-5.92527e-05,7.57094e-295,6.59521e-05
1.08107,0.000732979,6.64188e-296,0.000442711,-1.0766,-0.000179201,3.13167e-296,8.64561e-05
1.06449,0.0021356,2.85267e-297,0.0010243,-1.07812,2.37006e-05,1.30857e-297,-6.59159e-05
1.06976,-0.000679277,1.18891e-298,0.000252049,-1.07888,-1.58448e-05,5.42576e-299,6.666e-05
1.07959,-0.000637205,5.10096e-300,0.00106753,-1.07834,1.67032e-05,2.25637e-300,3.88708e-06
1.12601,-0.00262362,2.02466e-301,0.00106709,-1.07576,0.000100641,9.07929e-302,2.52583e-05
1.07471,0.000956124,8.37692e-303,0.00056066,-1.07631,0.000118035,3.84163e-303,3.67476e-05
1.07871,-0.000779452,3.32902e-304,-0.000102863,-1.07547,-4.9288e-05,1.53169e-304,2.51928e-05
1.08321,0.00122621,1.41856e-305,0.00160031,-1.076,-6.56015e-05,6.24893e-306,-3.46883e-05
1.14146,-0.00087669,5.36551e-307,8.412e-05,-1.0759,5.58811e-05,2.57677e-307,-1.14669e-05
1.07349,-0.00250267,2.38648e-308,0.00111877,-1.0774,0.00010987,1.09234e-308,6.16894e-05
1.05856,0.000297028,1.01355e-309,-0.000811557,-1.07668,-3.11227e-05,4.37197e-310,3.18225e-05
1.08501,-0.000898513,4.06142e-311,-8.56124e-06,-1.07573,5.71745e-05,1.84052e-311,2.4616e-05
1.05424,-5.79537e-05,1.61824e-312,-0.000972456,-1.07463,-1.20133e-05,7.58748e-313,8.77408e-05
1.05137,-0.00210303,6.95153e-314,-0.000754718,-1.07454,-3.05552e-05,3.14734e-314,-5.09413e-05
1.06776,0.00075278,2.94838e-315,-0.00129976,-1.07857,9.63193e-06,1.30539e-315,9.71551e-06
1.07645,0.0017524,1.24373e-316,-6.1791e-05,-1.07455,-2.40543e-05,5.43572e-317,-2.55283e-06
1.09401,0.000701722,5.01386e-318,-0.000239806,-1.07786,2.23489e-05,2.30651e-318,3.80481e-05
1.06583,-0.00143696,2.0896e-319,-0.000316934,-1.07458,7.81907e-05,9.47074e-320,8.01374e-05
1.04856,0.00202426,8.17185e-321,0.000146264,-1.07482,6.59147e-05,3.75984e-321,-1.45591e-05
1.05256,0.000668355,3.50787e-322,-2.63988e-05,-1.07737,3.06405e-05,1.58101e-322,3.74414e-05
1.05888,0.000229317,1.97626e-323,0.00210829,-1.07586,-3.10537e-05,9.88131e-324,1.26244e-05
1.07944,0.00292661,9.88131e-324,0.00156614,-1.07579,7.68496e-05,4.94066e-324,-9.81947e-05
1.049,-0.000316095,4.94066e-324,0.00169304,-1.07291,5.35372e-05,4.94066e-324,-3.32826e-06
1.10662,-0.00142294,4.94066e-324,-0.00244821,-1.07598,0.000100755,0,7.3296e-05
1.13743,-0.00126704,4.94066e-324,0.000871053,-1.07667,4.92357e-05,0,-7.88828e-05
1.07606,0.000691846,0,0.00265512,-1.08018,6.49263e-05,0,-1.63202e-05
1.09883,0.000482335,4.94066e-324,0.000268642,-1.07717,-0.001.05667,-0.000962227,1.07848,0.000219097,4.94066e-324,-0.000690984,-11.0613,0.000383965,0,-0.00053345,-1.03661,-0.00189779,0,-0.000872244,1.0512,-0.00317669,0,1.65904e-06,-1.10403,0.00210631,0,-0.000737469,1.06004,0.000177303,-0,-0.0004425081.11412,0.000113485,0,0.000160947,-1.1.12882,0.00074356,-0,0.0007785931.11295,-0.000359227,0,-0.000687353,-1.07572,3.04586e-05,0,4.00435e-05
1.09573,0.000555989,0,-0.000822016,-1.07471,-7.73383e-05,0,7.43017e-05
1.04368,0.000641709,0,-0.00135977,-1.07531,0.000131678,0,-0.000141911
1.06364,0.00017299,0,0.000783693,-1.07548,-6.74994e-05,0,-2.79313e-05
1.0738,0.0013433,0,0.00138281,-1.07729,1.27943e-05,0,-6.08694e-05
1.05467,-0.000845334,0,0.00296022,-1.07987,2.64215e-05,0,5.7183e-05
1.05947,-7.77201e-05,-0,-0.00266065,-1.07688,-3.36981e-05,0,3.96099e-05
1.09035,-0.00112807,0,4.28143e-05,-1.07564,0.000105412,0,-5.76726e-05
1.05733,-0.000377496,0,-0.000215276,-1.07408,-0.000108085,0,1.51701e-07
1.09471,0.00195039,0,0.00115076,-1.07603,6.26796e-05,0,-6.47613e-05
1.10875,0.00112037,0,0.000736237,-1.07505,7.92035e-05,0,1.76324e-05
1.04994,-0.000209415,0,5.76778e-05,-1.07756,-5.23698e-06,0,0.000113157
1.05286,0.00160949,0,0.000183002,-1.07629,-4.22399e-05,0,-1.21717e-05
1.10335,0.00128054,-0,-0.00135592,-1.07505,6.97935e-05,0,7.35213e-05
1.10339,0.000656257,0,0.000358035,-1.07759,-8.21898e-06,0,3.42698e-05
1.1131,-0.00117055,-0,0.00206129,-1.07645,2.50126e-05,0,-7.64584e-05
1.08807,-0.000592701,0,-0.000858685,-1.0787,6.18683e-05,0,4.72595e-05
1.09921,-0.00128774,0,0.00108781,-1.07458,0.00010003,0,-2.64211e-05
1.10266,0.000948407,0,-0.000469556,-1.0758,5.32326e-05,0,-2.69705e-05
1.06683,0.00118152,-0,-0.000759727,-1.07366,1.33037e-05,0,-5.25712e-06
1.09392,-0.00189267,0,-0.000155728,-1.07647,-2.0823e-05,0,-0.000102068
1.12474,0.0011798,0,-0.000190709,-1.07824,6.86338e-06,0,-4.08145e-05
1.08897,-0.00074405,0,-0.000402182,-1.07649,-4.08469e-05,0,-2.77739e-05
1.07278,0.000413285,0,-0.000614129,-1.07667,-6.32335e-05,0,5.38062e-06
1.06909,-0.000762396,0,-0.000303623,-1.078,3.15903e-05,0,-4.13813e-05
1.08135,-0.00069248,0,0.000806282,-1.07387,1.50405e-05,0,-5.44581e-05
1.0449,0.000323817,0,0.000813365,-1.07549,4.78388e-05,0,9.29294e-06
1.0874,0.000624563,0,0.000559243,-1.07624,0.000140218,0,2.87005e-05
1.05111,0.000775663,-0,-0.000475587,-1.07575,-8.92078e-05,0,-1.36348e-05
1.1141,-0.00051936,0,0.000665191,-1.07725,3.50855e-05,0,3.8615e-05
1.06348,0.000507491,0,-0.00119135,-1.07723,-2.71469e-05,0,-3.96693e-05
1.10143,-0.000905511,-0,0.000775791,-1.07538,7.38139e-05,0,8.73329e-05
1.06562,-0.00149483,0,0.000140429,-1.07579,9.65791e-05,0,-3.51382e-05
1.02588,-0.000559295,0,-0.00126541,-1.07554,0.000112285,01.11681,0.00081.0809,-0.00174114,-0,-0.00135133,-1.07453,6.68699e-05,0,21.08181,-0.1.08347,-0.000294144,0,0.00032576,-1.07658,4.35117e-05,0,-5.28886e-06
1.07322,0.000919873,0,0.00116295,-1.07413,-6.8046e-05,0,-1.97281e-05
1.09971,-0.00100579,-0,-0.000855345,-1.07562,1.26693e-05,0,-3.54494e-05
1.09234,-0.00147894,-0,0.00213404,-1.07652,0.000148168,0,-7.90367e-05
1.08737,0.000996244,0,0.000636618,-1.07379,5.40273e-05,0,-6.64528e-05
1.05255,-0.00182935,0,0.000310223,-1.07569,1.00326e-05,0,-1.29239e-05
1.04039,-0.000235152,-0,-0.000555771,-1.07457,-3.21705e-05,0,-8.732311.0821.07369,0.00111611,-0,-0.00102179,-1.07457,-7.37154e-05,0,7.17911e-01.1.09312,0.00284304,-0,-0.00149001,-1.0756,-0.000114293,0,4.58691e-05
1.08862,-0.00164803,0,-0.000289563,-1.07805,-3.13358e-05,0,-6.53216e-01.1.0868,-0.000616614,-0,-0.00189136,-1.07512,2.09459e-05,0,-2.64129e-0511.09289,-0.0032798,0,0.000714423,-1.07639,0.000116544,-0,-1.93269e-05
1.04903,0.00188076,-0,0.00226018,-1.077,-6.32755e-05,-0,-0.000100323
1.07045,4.51197e-05,-0,-0.00185267,-1.07878,-3.56524e-05,-0,-6.11143e-05
1.06208,0.000473945,-0,0.000573523,-1.07858,1.3093e-05,-0,3.97446e-05
1.05211,0.000111474,0,0.000547743,-1.0768,4.26654e-05,-0,4.65676e-05
1.08586,0.000263078,0,-0.000426278,-1.07841,-8.09401e-05,-0,-7.19477e-06
1.11051,-0.00126709,-0,-0.000868251,-1.07571,-8.78824e-05,-0,-5.94335e-05
1.08274,-0.000496415,-0,-0.000597448,-1.07693,6.43352e-05,-0,4.1702e-05
1.0831,0.000715953,-0,-0.000623492,-1.07636,9.21111e-05,-0,-1.57086e-05
1.07097,0.00173609,-0,-0.000405599,-1.07463,-4.70793e-05,-0,2.7224e-06
1.08071,-0.00150649,0,0.00195691,-1.07425,-1.37728e-05,-0,-3.64606e-05
1.09892,-0.00105171,-0,-0.00371376,-1.07777,7.77278e-05,-0,1.14405e-05
1.07288,-7.56358e-06,-0,-0.000450559,-1.07712,5.4045e-05,-0,7.75881e-05
1.08697,0.00176293,0,8.30005e-05,-1.07489,2.57439e-05,-0,-9.0563e-06
1.07173,-0.000952165,-0,0.000201095,-1.07251,4.48892e-05,-0,2.10833e-05
1.06861,-0.0013728,-0,-0.0011244,-1.07651,4.00368e-05,-0,-9.744e-05
1.0838,-0.00226918,-0,-0.00131259,-1.07621,7.66382e-05,-0,-7.63698e-05
1.09478,-0.000323657,-0,0.000478699,-1.07763,4.47683e-05,-0,9.48842e-07
1.06467,-1.94641e-08,-0,0.000267262,-1.07616,-7.37373e-05,-0,-1.43375e-06
1.08994,-0.00186908,-0,-0.000535937,-1.07759,-7.37864e-05,-0,-8.01964e-06
1.08546,0.000347678,-0,-0.000922011,-1.07483,-0.000107866,-0,9.63393e-05
1.03541,-0.0020426,-0,-0.000208505,-1.07615,-7.64881e-06,-0,-1.54609e-05
1.09556,0.000785821,-0,0.000866977,-1.07464,2.04277e-05,-0,-5.50852e-05
1.0783,-0.000320757,0,0.00239953,-1.07711,-7.09247e-05,-0,-0.000118319
1.08603,-0.000880935,-0,-0.00101209,-1.07614,2.13189e-05,-0,2.98474e-05
1.07775,0.000975521,0,0.000214081,-1.07798,7.67085e-05,-0,-7.73655e-05
1.07483,0.0013746,-0,-0.00152023,-1.0758,-8.43215e-05,-0,4.72868e-05
1.09024,-0.000817991,0,0.00201951,-1.07427,-3.65832e-05,-0,7.56111e-05
1.08408,0.0008798,0,0.00200766,-1.0763,-4.80404e-05,-0,-0.000161501
1.10605,7.41177e-05,-0,0.000560462,-1.077,7.46277e-05,-0,0.000122795
1.07736,-0.00100141,-0,0.00110096,-1.07795,3.73652e-05,-0,9.14325e-06
1.07995,0.000450677,-0,-0.00166405,-1.07621,0.000100779,-0,9.02354e-05
1.08439,-0.000277951,-0,0.00144231,-1.07608,-1.09963e-05,-0,1.98438e-05
1.0775,-4.18331e-05,-0,-0.00189913,-1.07587,8.90117e-05,-0,1.45692e-05
1.0758,-0.000889475,0,-0.000524428,-1.07679,7.09228e-05,-0,-4.63185e-05
1.10245,0.000975773,0,0.00179319,-1.07571,2.64099e-05,-0,3.26783e-05
1.08673,0.000602695,-0,-0.00045558,-1.07352,-1.33295e-05,0,-2.18355e-05
1.05267,-0.00118931,0,-0.000260924,-1.07563,1.53355e-05,0,0.0001118
1.08127,-0.000198212,-0,0.000547918,-1.07916,1.31299e-05,0,-3.25386e-05
1.07844,0.00143569,-0,-0.00277851,-1.078,-1.6e-05,0,-1.00956e-05
1.06665,0.000520296,0,-0.00178363,-1.0781,-5.47119e-05,0,5.60985e-06
1.07051,0.000438997,0,-0.00203039,-1.07382,0.00013486,0,3.30965e-05
1.08679,-2.62462e-05,-0,0.00146098,-1.07777,-6.42656e-05,0,-3.46495e-05
1.06419,-0.00139532,-0,0.000523929,-1.077,0.000115814,0,2.58444e-06
1.11749,-0.00144522,0,-7.01189e-05,-1.07752,0.000110998,0,-5.60141e-05
1.11099,-0.00160109,-0,-0.000255441,-1.07823,9.59193e-05,0,8.24862e-05
1.06791,-0.000785538,-0,0.000920835,-1.07421,0.000140485,0,6.54776e-05
1.07822,-0.0015322,-0,-0.000779708,-1.07499,-1.80573e-05,0,2.55888e-05
1.08799,-0.000916077,-0,-0.00132567,-1.07789,0.000120104,-0,0.000133806
1.05806,-0.000333027,0,0.000914668,-1.0743,-0.000130134,-0,3.27126e-05
1.07193,6.01436e-05,-0,0.00254086,-1.07509,4.41144e-05,-0,8.06987e-05
1.03929,-0.00129136,-0,0.000960312,-1.07547,3.39495e-05,-0,2.00718e-05
1.06485,-0.000706906,0,-0.00100129,-1.07656,3.24421e-05,-0,-1.96689e-05
1.08571,-0.000957774,-0,0.0014974,-1.07772,-1.92841e-05,-0,-4.33081e-05
1.09015,0.000354398,0,-0.000444813,-1.07492,-6.08016e-05,-0,6.59473e-06
1.03881,-0.000412392,-0,-0.000411708,-1.07433,6.0917e-05,-0,1.6487e-05
1.07586,0.00134273,-0,0.00117135,-1.07433,7.84591e-05,-0,2.93317e-05
1.09291,0.000611798,-0,0.00163303,-1.07515,6.23637e-05,-0,5.01814e-05
1.02493,0.00112196,-0,-0.000435138,-1.07603,-3.05562e-05,-0,5.38877e-05
1.09651,3.7741e-05,-0,-0.00130191,-1.07549,2.13452e-05,-0,5.00834e-05
1.08472,0.00319532,-0,-0.0013134,-1.07409,-7.4966e-05,-0,-3.92269e-05
1.04017,0.00115957,-0,-0.000331598,-1.07239,2.84204e-05,-0,-6.73954e-05
1.05465,-0.000506964,-0,0.000412342,-1.07561,4.43726e-05,-0,-9.49449e-05
1.06725,-0.00126675,0,0.000452808,-1.0752,3.54318e-05,-0,2.72808e-05
1.0762,-0.000583117,-0,-0.000809505,-1.07558,-0.000117938,-0,-4.56812e-05
1.07224,-0.000543911,0,-0.0012676,-1.07467,-5.73847e-05,-0,-9.27194e-05
1.10946,-0.000242083,-0,0.000607881,-1.07711,-6.73776e-05,-0,-5.69911e-05
1.01679,0.000176672,-0,0.00114416,-1.07347,3.26363e-05,-0,-3.30448e-05
1.10468,0.000711432,-0,0.00214211,-1.0751,-3.10242e-05,-0,-0.000114103
1.0733,0.000789245,-0,0.000451085,-1.07634,-0.000120047,-0,-9.98848e-06
1.08285,-0.003103,0,0.000944978,-1.07453,6.84971e-05,-0,0.000108332
1.06184,0.000872777,-0,-0.000946628,-1.0758,-4.30053e-05,-0,-1.54234e-05
1.09088,0.00113509,0,-0.00244453,-1.08036,3.47351e-06,0,7.33156e-05
1.08887,-0.000461915,-0,0.000567418,-1.07956,1.97562e-05,0,-6.46086e-05
1.06986,-0.000164472,-0,0.0019208,-1.078,1.72965e-05,0,-3.07233e-05
1.09192,-0.00284425,0,-0.00162538,-1.07842,0.000161103,0,-3.89308e-05
1.03437,-0.000558195,-0,8.4433e-07,-1.07672,8.67679e-05,0,0.000127802
1.08586,-0.000212916,-0,-0.00279373,-1.07544,4.68255e-05,0,-1.44268e-05
1.07856,0.0005222,-0,0.000531735,-1.07723,-8.20315e-05,0,-1.79095e-05
1.08188,0.00186131,-0,-0.000799743,-1.07636,-6.8836e-05,0,8.3262e-05
1.10287,0.00112014,-0,0.0013049,-1.07821,9.29151e-05,0,9.61511e-06
1.05104,-0.000714157,-0,-0.000511822,-1.07743,-6.72433e-05,0,-4.62687e-05
1.05206,-0.00241691,-0,-0.00042934,-1.07473,4.53474e-05,0,-4.44253e-06
1.08452,0.000325692,-0,0.0003702,-1.0767,5.43577e-05,0,-2.15212e-05
1.05676,-0.00014308,0,-0.0020088,-1.07628,-6.93952e-05,0,-4.17653e-05
1.08883,0.000132507,-0,0.00271838,-1.07863,-7.93998e-05,-0,-1.3303e-05
1.1056,-0.00244935,0,-0.00292538,-1.07788,-2.13008e-05,-0,7.86929e-05
1.07459,-0.000278491,0,0.00186665,-1.07628,3.13914e-05,-0,-9.14842e-06
1.06007,0.000749988,0,-2.78643e-05,-1.07597,6.51506e-05,-0,2.61189e-05
1.11233,-0.00207703,-0,0.00127699,-1.07886,-3.91431e-05,-0,-4.32469e-05
1.04029,-0.00087693,-0,0.00290392,-1.07707,9.16835e-05,-0,-2.19002e-05
1.03248,0.00292947,-0,-0.000229531,-1.07752,-2.46733e-05,-0,-6.68669e-05
1.07187,0.00188898,-0,8.57675e-05,-1.07616,-4.23137e-05,-0,4.22164e-06
1.05826,0.000638531,-0,-0.000445459,-1.07653,5.76259e-05,-0,6.90166e-05
1.06718,-0.00229805,-0,0.00391633,-1.07411,-1.1265e-05,-0,9.09178e-05
1.06565,0.00158552,0,0.00201865,-1.07263,4.05023e-05,-0,-0.000144305
1.08059,-0.000309843,-0,-0.00131466,-1.07538,1.62435e-05,-0,3.59797e-05
1.06683,-0.00185443,-0,0.00106056,-1.078,3.48475e-06,-0,5.42088e-05
1.0683,-0.00240978,-0,-0.00168746,-1.07622,-7.54555e-05,-0,6.66707e-05
1.09952,-0.00144212,0,-0.000768436,-1.07787,-6.46673e-05,-0,-7.47276e-05
1.05311,-0.000513082,-0,-0.00126124,-1.07516,-4.74222e-05,-0,8.86733e-06
1.04222,0.00105828,0,-0.00105596,-1.07432,-5.10436e-05,-0,-4.71917e-05
1.08922,-0.00104223,0,0.00110293,-1.07394,-2.6556e-05,-0,2.0898e-05
1.09672,0.000113785,-0,-0.000177154,-1.07692,4.10082e-05,-0,-5.93805e-05
1.08685,0.000488626,-0,-0.00132614,-1.07815,-0.000127554,-0,-2.79727e-05
1.07768,-0.00137222,-0,-0.00159271,-1.07747,0.000120962,-0,-4.66496e-05
1.06156,0.000965391,0,0.00142591,-1.07825,4.18041e-05,-0,-0.00011376
1.09303,-0.00150818,-0,-0.000612374,-1.07597,0.000112759,-0,-4.83362e-07
1.0713,0.00181263,-0,0.000890495,-1.07532,-6.64219e-05,-0,-4.49344e-05
1.05416,-0.00044223,-0,0.000907538,-1.07499,4.96901e-05,-0,-5.28254e-05
1.09294,-0.00304793,-0,-0.00261418,-1.07553,0.000117461,-0,-1.0512e-05
1.06089,0.000576976,0,0.00124838,-1.07406,-7.86612e-05,-0,8.90917e-05
1.08828,0.00107984,0,0.000725294,-1.07698,0.000121601,-0,0.0001251
1.06173,-0.000934783,-0,7.81921e-05,-1.07632,-6.66729e-06,-0,-0.000210412
1.11041,0.00144637,0,-0.00206024,-1.07794,5.01281e-05,-0,-6.59981e-06
1.05071,-0.000720222,0,0.000147129,-1.07575,-6.00464e-05,-0,-1.56884e-05
1.07917,-0.000128064,-0,0.000200387,-1.07566,-1.95982e-05,-0,-1.66195e-05
1.07252,-0.000213315,0,0.00165802,-1.07629,0.000102501,-0,-8.21399e-05
1.07852,-0.000218847,0,-0.000199391,-1.07757,0.000125279,-0,3.88175e-05
1.1142,0.00214117,-0,0.000623002,-1.07721,-3.11101e-05,-0,2.28914e-05
1.06399,-0.000127997,-0,0.000886098,-1.07655,1.23191e-05,-0,-0.000107457
1.03953,0.00122514,0,-0.00106793,-1.07465,9.11991e-06,0,5.84633e-05
1.09449,0.000259823,-0,-0.000615603,-1.07593,-7.20015e-05,0,-0.000120822
1.10471,-0.00331679,-0,0.00131756,-1.07357,0.000141191,0,-3.03094e-05
1.10726,0.000819751,0,-3.71164e-05,-1.07514,-4.42911e-05,0,-4.64597e-05
1.03728,0.000237621,0,-0.00157133,-1.07533,-6.50954e-05,0,-6.0819e-05
1.08513,0.000461635,0,0.00248389,-1.07779,-1.73311e-05,0,-4.98062e-05
1.10033,-0.00133667,0,-0.000739779,-1.07735,2.11877e-05,0,0.000118931
1.05883,-0.000580348,0,0.000860441,-1.07605,-8.62201e-05,0,2.90293e-06
1.06317,-0.0014308,-0,0.00266257,-1.07673,-3.65292e-05,0,-9.96026e-05
1.05603,0.00110839,-0,0.00103335,-1.07475,-0.000130345,-0,-9.85362e-05
1.10385,0.000966952,-0,-0.000289894,-1.07703,-1.01823e-05,0,1.66309e-05
1.11792,-0.00127521,0,0.000972321,-1.07624,9.74513e-05,0,-6.00098e-05
1.05005,0.000760488,0,0.00125796,-1.0747,-7.00495e-05,-0,-7.43866e-05
1.08294,-0.000470593,-0,0.0021944,-1.07531,-7.62038e-05,-0,-9.90145e-05
1.0485,7.27219e-05,0,1.60831e-05,-1.07575,0.000109803,-0,6.04068e-05
1.06414,0.00272524,-0,-0.00201268,-1.07415,8.23894e-05,-0,3.65399e-05
1.07972,-0.000616781,-0,-0.000609697,-1.07304,-2.63692e-05,-0,-7.05919e-05
1.03185,-0.000326493,0,0.00125551,-1.0738,5.53762e-05,-0,-4.11401e-06
1.10712,-0.00165372,0,0.000213366,-1.07688,6.00465e-05,-0,-3.99403e-05
1.09211,-0.000343582,-0,-0.000877731,-1.07853,-0.000116088,-0,5.39137e-05
1.0505,0.00115611,-0,-0.000242263,-1.07784,-2.22876e-05,0,1.67678e-05
1.08523,0.000252856,-0,0.000159973,-1.07501,-4.92437e-05,-0,8.0914e-05
1.07552,0.000263199,-0,0.00218214,-1.07661,-2.57774e-05,-0,-9.37583e-05
1.07657,0.000362978,-0,0.000121484,-1.0744,1.26839e-05,-0,8.06991e-05
1.08665,-0.000331988,0,0.00247842,-1.07663,-0.00010233,-0,-0.000144074
1.09823,-0.000208269,-0,-0.000599787,-1.07916,-8.01053e-05,-0,1.63266e-05
1.0433,0.000734714,-0,4.02386e-05,-1.07476,-5.24589e-05,-0,-3.1077e-06
1.14489,-0.000527028,0,0.000773816,-1.07654,1.97645e-05,-0,-4.62841e-05
1.0854,0.00135298,-0,-0.000480375,-1.0772,5.08951e-05,-0,-0.000133682
1.09611,0.000476708,-0,8.26662e-05,-1.07591,3.42577e-06,-0,4.28113e-05
1.05808,0.00149267,-0,0.000243482,-1.08088,8.66478e-05,-0,-4.56331e-05
1.0831,-0.00128554,-0,-0.00115157,-1.07913,2.84203e-05,-0,5.81593e-06
1.09662,0.000303101,-0,0.00259069,-1.07736,-7.17902e-05,-0,-6.70841e-05
1.07589,-0.000573062,-0,0.000579463,-1.07674,-0.000115785,-0,0.000107671
1.08867,0.00108778,-0,-0.00110608,-1.07819,3.84019e-05,-0,-1.73316e-05
1.10864,0.00132299,0,-0.00208765,-1.07926,-2.46631e-05,-0,6.97804e-06
1.07248,-0.00111707,-0,0.000166932,-1.07754,0.000116574,-0,-6.14575e-05
1.06625,-0.00095845,-0,0.00248441,-1.0746,1.83205e-05,-0,-5.27957e-05
1.10361,4.98142e-05,-0,0.0020139,-1.07936,5.5338e-05,-0,-8.21156e-05
1.0797,0.00121983,0,-0.00129494,-1.0764,5.73777e-06,-0,0.000110736
1.06164,0.000419795,0,0.00135813,-1.0742,-1.21592e-05,-0,-0.000146519
1.11037,0.000843719,0,0.000756859,-1.07714,7.66256e-05,-0,4.48246e-05
1.07662,0.000959781,0,-0.000198136,-1.07898,-3.09046e-05,-0,-1.419e-05
1.09771,-0.00114404,-0,0.00262985,-1.07962,4.58333e-05,-0,-1.40688e-05
1.06875,0.000147405,0,0.000433833,-1.07559,-8.87473e-05,-0,-5.59975e-05
1.11986,0.00037291,0,0.000251952,-1.07473,-2.90067e-05,-0,-7.42603e-05
1.08323,0.000183319,0,0.000210582,-1.07043,2.30054e-05,-0,2.04491e-05
1.06786,-0.000506899,-0,-0.00103633,-1.07349,-0.000138814,-0,3.14883e-05
1.06722,0.000188923,0,0.00169959,-1.07773,-0.000139125,-0,-0.000110669
1.08981,0.00178753,0,0.00142821,-1.07518,-0.000130099,-0,5.17492e-05
1.08241,0.000534692,-0,8.24445e-05,-1.07637,7.56178e-06,-0,3.13459e-05
1.0667,0.000507948,0,0.00136143,-1.07627,-1.14865e-05,-0,-4.93829e-05
1.03454,0.00016309,-0,0.00200025,-1.07523,5.95757e-05,-0,-4.71255e-05
1.05488,0.000532329,-0,-0.00181999,-1.07695,2.28217e-05,-0,0.000106514
1.08017,0.0001993,-0,-0.00204988,-1.07475,-2.20705e-05,-0,4.09417e-05
1.05008,0.00075856,-0,-0.00208819,-1.07723,4.87369e-05,-0,6.50006e-05
1.0997,-0.000931747,0,0.000473453,-1.0734,8.59213e-05,-0,1.60347e-05
1.09073,0.00053496,0,-0.0013469,-1.07298,-3.59667e-05,-0,-3.0751e-05
1.08123,0.000827986,0,-0.000966924,-1.07481,3.02215e-05,-0,3.86822e-05
1.07596,-0.00155972,-0,-0.00183418,-1.07268,7.22318e-05,-0,6.18876e-07
1.08332,-4.90444e-05,-0,0.00154345,-1.07605,-2.6289e-05,-0,5.81994e-05
1.04888,-0.00169632,0,-0.000555898,-1.0772,5.40376e-06,0,2.44668e-05
1.09396,0.000414479,0,-0.00083398,-1.07713,-3.36589e-06,0,0.000118073
1.05109,-0.00115286,0,0.000467031,-1.07621,-3.77098e-05,0,-7.60086e-06
1.09205,-0.00233824,0,0.00204532,-1.07802,0.000101516,0,5.50526e-05
1.07012,-0.00128951,0,-0.00120588,-1.07534,1.82314e-05,0,4.86291e-05
1.08671,0.000317064,0,-0.00165571,-1.07682,1.77101e-06,0,3.95404e-05
1.0803,0.00211802,0,0.000183785,-1.07413,-0.000116415,0,-7.62061e-05
1.12772,0.000171524,0,0.00100693,-1.07716,-0.000155994,0,-6.00917e-05
1.08045,3.30529e-06,0,-0.00147907,-1.07647,-5.72828e-05,0,4.06803e-05
1.06136,0.00148116,-0,0.000170334,-1.07679,-5.11214e-05,0,-7.94033e-05
1.05037,-0.000664577,0,0.00226584,-1.07779,-6.2882e-05,0,-8.40026e-05
1.052,-0.001131,-0,0.000128113,-1.07755,-7.38656e-05,0,9.14242e-05
1.08086,0.000458846,-0,-0.000543502,-1.07619,9.30331e-05,0,6.03336e-05
1.11038,-0.000619555,0,0.000305189,-1.07751,-1.44355e-05,0,-1.78447e-05
1.06663,0.000282149,0,-0.00224977,-1.07872,6.32055e-05,0,-1.70068e-05
1.04419,-0.00164284,0,-0.00142017,-1.07589,5.16419e-05,0,3.87992e-05
1.09834,-0.00147075,0,-0.00151128,-1.0793,8.10765e-05,0,7.3831e-05
1.07223,-0.000132106,-0,0.000240053,-1.0783,-0.000133652,0,4.63619e-05
1.09348,0.000989827,-0,0.000976969,-1.07707,-1.05573e-05,0,1.10199e-05
1.10415,-0.000196598,0,-0.000856101,-1.0753,-3.37536e-05,0,3.67587e-05
1.07747,-0.00063331,-0,-0.000235768,-1.07461,3.81162e-05,0,2.74579e-05
1.07392,-0.000958928,0,0.00101144,-1.07492,-6.47504e-05,0,-8.64765e-05
1.09441,0.00219081,0,0.00180819,-1.07747,-3.32461e-06,0,-9.30833e-05
1.0634,0.00101678,-0,6.26878e-05,-1.07539,-1.32689e-05,0,4.31089e-05
1.05293,0.000733088,0,-0.00133352,-1.07413,6.36871e-05,0,-6.56608e-05
1.08176,-6.73219e-05,0,0.00280647,-1.07624,3.36897e-05,0,-3.45436e-05
1.08968,-0.000582049,-0,-0.00104439,-1.07609,7.6855e-05,0,9.92934e-05
1.10286,0.000266001,-0,0.000740522,-1.07863,5.20823e-05,0,-7.0063e-05
1.08613,-0.000708804,-0,0.000933522,-1.07612,-1.38833e-05,0,-2.30852e-05
1.08317,-0.00176666,0,-0.000404368,-1.07551,-2.45197e-05,0,-3.40478e-05
1.06248,1.565e-05,0,-0.000967454,-1.07548,-1.4255e-05,0,6.91217e-05
1.05013,-0.000224442,0,0.00176327,-1.07707,2.84887e-05,0,-1.50034e-05
1.07322,0.00338364,0,-0.00177852,-1.07543,-8.56935e-05,0,-7.05579e-05
1.08892,-4.39066e-05,-0,0.000593693,-1.07488,2.42757e-05,0,-5.05807e-05
1.09562,6.25103e-05,-0,-0.00108693,-1.07578,0.000127119,-0,-1.49859e-05
1.03932,-0.00148748,0,-0.000187346,-1.07399,-5.17358e-05,-0,1.04955e-05
1.13543,5.30032e-07,-0,0.000716827,-1.07712,4.88859e-06,-0,7.38096e-05
1.09601,0.000247746,0,-0.000134935,-1.0792,-1.56791e-05,-0,0.000100021
1.07903,-8.82628e-06,-0,-0.000682495,-1.07742,-1.21582e-05,-0,-0.000112894
1.07554,-4.17092e-05,0,-0.000280534,-1.07415,5.65332e-05,-0,-4.77462e-05
1.10419,1.10167e-05,-0,-0.00294686,-1.07591,8.90804e-05,0,-1.78871e-07
1.07381,-0.00175665,-0,0.00265061,-1.0758,0.000158477,-0,-0.000130948
1.06069,-3.95635e-05,0,-0.00111241,-1.07518,9.97203e-05,0,-7.08889e-05
1.08476,0.000251558,-0,0.00160226,-1.07764,8.15308e-05,-0,-4.5157e-05
1.07636,4.20859e-05,0,-0.00115897,-1.07597,-2.84997e-05,-0,6.76994e-08
1.08661,-0.00127746,-0,0.000748867,-1.0781,-1.06063e-05,-0,3.2467e-05
1.08748,0.00154327,0,-0.000906494,-1.07681,-3.65775e-05,-0,3.8869e-05
1.07428,-0.00139391,-0,2.63005e-05,-1.07663,-1.86454e-05,-0,-2.33585e-05
1.04513,-0.00230028,-0,0.003815,-1.07743,-7.51833e-05,-0,-2.79253e-05
1.10026,0.000859706,0,0.000174198,-1.07778,-1.90453e-05,-0,3.53217e-05
1.09542,-0.000765668,-0,-0.000901167,-1.07957,6.40566e-05,-0,9.56066e-05
1.06445,0.00116449,0,0.00136922,-1.07981,8.50483e-05,-0,-0.000183177
1.05121,0.000764898,0,0.000379329,-1.07781,2.61015e-05,-0,3.8549e-05
1.0912,1.54412e-05,-0,0.000449852,-1.07845,5.49263e-05,-0,-8.06184e-05
1.06587,-0.000197921,0,-0.000487291,-1.07526,2.25761e-05,-0,5.92971e-06
1.02475,-0.000908176,-0,0.000278931,-1.07867,-6.54482e-05,-0,-0.000150825
1.09159,0.000512482,-0,0.00121058,-1.07579,-2.71272e-05,0,-1.53042e-05
1.04327,0.000379775,0,0.00045294,-1.07632,2.47259e-05,0,2.80397e-05
1.07726,-0.000283554,0,-0.000125753,-1.07686,5.81284e-05,0,6.21792e-05
1.07545,0.000598972,-0,-0.00171641,-1.0756,0.000121742,0,3.84423e-05
1.12224,0.000708633,-0,-0.00124062,-1.07741,-9.59255e-05,0,0.000107883
1.07202,-0.000989891,0,-0.000922431,-1.07577,8.06748e-05,0,0.000162917
1.08018,0.00165049,-0,0.000236953,-1.07403,-8.02554e-05,0,0.000149587
1.04476,0.000431655,0,-0.0013681,-1.07645,8.52361e-05,0,-2.01391e-05
1.09242,-0.00100476,0,-0.00050486,-1.07632,7.65316e-06,0,-1.52202e-05
1.06047,0.00104514,0,-0.00091705,-1.0746,-0.000141407,0,-3.20933e-05
1.06045,-0.00105725,0,-0.000269627,-1.07404,-7.89349e-05,0,5.3122e-06
1.07026,-0.00131915,0,0.0011163,-1.07366,7.20478e-05,0,-7.17356e-05
1.09455,-0.00177702,0,0.00186009,-1.07766,9.41609e-05,0,-2.09679e-05
1.11866,-0.000515672,-0,-0.000591292,-1.07771,-4.5231e-05,0,1.7787e-05
1.09173,0.000284315,0,0.000795333,-1.07696,1.12748e-06,0,-5.99788e-05
1.05847,-0.00020773,-0,0.000266053,-1.0783,7.35652e-05,-0,-4.78229e-05
1.0605,-0.00109443,0,0.00170424,-1.07572,8.15577e-05,0,6.54712e-05
1.08812,4.81288e-05,-0,0.00240822,-1.07811,-2.03979e-05,0,4.76837e-05
1.07944,-0.00173677,-0,-0.000251233,-1.07723,-5.15069e-05,0,-6.55993e-06
1.06438,0.00066041,0,0.000309218,-1.07501,-5.44751e-05,-0,9.37128e-06
1.0821,-0.000715999,-0,-0.00015528,-1.07606,0.000140696,0,-4.69659e-05
1.06776,0.000842006,-0,-0.000430443,-1.07693,2.73459e-06,0,-5.92442e-05
1.04567,0.000805314,-0,0.0017291,-1.07436,2.39207e-05,-0,0.000113676
1.07589,0.00233582,0,0.000325802,-1.07452,3.3067e-05,0,2.59361e-06
1.05277,0.00016138,0,-0.000962573,-1.07547,0.000154651,0,1.52661e-05
1.04937,-0.000460872,-0,-0.00102034,-1.07344,-4.31503e-05,-0,8.43441e-05
1.06673,0.000402452,-0,0.000679724,-1.0771,-6.06432e-05,-0,-1.93637e-05
1.05395,-0.000739107,-0,0.00112583,-1.07456,8.54746e-05,-0,-0.000146426
1.06478,-0.000412484,-0,0.00310364,-1.07465,2.81953e-05,-0,7.43566e-05
1.05138,0.000180374,-0,0.00132845,-1.07575,-6.65317e-05,-0,3.48615e-05
1.08494,-4.78471e-05,-0,-0.000374536,-1.07806,-3.45508e-05,-0,3.69363e-05
1.06451,6.0454e-05,0,0.000507655,-1.07362,7.1988e-05,-0,-1.17146e-06
1.06532,0.000469718,-0,0.000247011,-1.07472,-5.5065e-05,-0,-2.76071e-05
1.05614,-0.0011633,0,0.00102406,-1.07456,0.000111288,-0,-0.000139667
1.08867,0.00168453,-0,1.23035e-05,-1.07847,-9.54754e-05,-0,2.13181e-05
1.08775,0.000695233,-0,0.000639408,-1.07348,-9.00958e-06,-0,-9.0398e-05
1.12117,0.00146392,0,-0.00349858,-1.07541,-9.33118e-05,-0,4.57204e-05
1.07088,0.00204045,0,5.72954e-05,-1.07542,4.84873e-05,0,3.34627e-05
1.06969,-0.000404622,-0,0.00147127,-1.07535,3.6999e-05,0,2.19141e-05
1.06337,0.000583262,0,-0.0010255,-1.07614,1.35187e-05,0,-2.72035e-05
1.06748,0.00226085,0,-0.0022256,-1.0757,-4.80627e-05,0,7.63688e-05
1.09538,0.000984564,0,0.000154175,-1.07711,-0.000115381,0,-2.09743e-05
1.06219,0.000920699,-0,-0.000484354,-1.07585,6.47457e-05,0,1.57577e-06
1.04124,-0.000987976,-0,-0.000881687,-1.07632,-2.21445e-05,0,5.89078e-06
1.06405,-0.000236004,0,-0.000683044,-1.07699,2.41915e-05,0,-8.1096e-05
1.10007,0.000261754,0,-0.00186417,-1.07848,3.03212e-05,0,4.28586e-05
1.07483,-0.000154459,0,0.00060015,-1.07686,-3.07026e-05,0,-0.000104146
1.07542,0.00183556,0,0.000859502,-1.07784,-0.000109975,0,7.40057e-06
1.05328,-0.00079987,0,0.000175459,-1.07702,-2.33486e-05,0,1.83419e-05
1.05853,-0.00237858,0,0.00416156,-1.0734,-0.000117634,0,-0.000118877
1.06179,-0.00346881,0,-0.000241616,-1.0757,2.32271e-05,0,-3.68903e-05
1.06373,-0.000549767,0,0.00249737,-1.07694,0.0001203,0,-3.02574e-05
1.07775,-0.000786364,-0,0.00077071,-1.07855,3.95856e-06,0,3.64016e-05
1.09171,0.000940254,-0,-0.000422417,-1.07806,-2.61464e-05,0,-5.4934e-05
1.04447,0.00236731,-0,-0.000120257,-1.07461,-2.03274e-05,0,3.0206e-05
1.06704,-0.00077245,0,0.000833947,-1.07621,-1.99368e-05,0,-4.27186e-05
1.06596,-0.00136023,-0,0.00133468,-1.07883,8.65154e-05,0,9.22235e-05
1.07015,0.000901599,-0,0.000234755,-1.07609,1.90329e-05,0,7.6646e-06
1.08658,-0.000983102,0,-0.00248374,-1.07495,-5.36281e-05,0,1.93216e-05
1.07142,-0.000970363,0,-0.0017228,-1.07425,-7.4998e-05,-0,1.92463e-05
1.07732,-3.72792e-05,0,-0.00142913,-1.07376,-4.384e-05,-0,0.000114915
1.04624,-0.000758514,0,-0.00161086,-1.07243,3.45998e-06,-0,2.59e-05
1.07087,0.00153564,0,-0.00137537,-1.07321,-1.11007e-05,-0,7.49973e-05
1.06469,0.000463113,-0,0.000793285,-1.0738,0.000101434,-0,-1.04998e-05
1.07176,0.00144458,0,-0.000513572,-1.07563,8.43851e-05,-0,-5.59357e-05
1.1036,0.00273155,-0,0.000782442,-1.07509,-4.43722e-07,0,1.15504e-05
1.05628,-5.65023e-05,0,0.00142654,-1.07441,9.14804e-05,0,6.7243e-05
1.07073,0.000429853,0,-0.00145034,-1.07826,-9.02177e-06,0,-0.000233962
1.10615,0.000469583,0,-0.0004415,-1.0758,-4.19513e-07,0,-5.58056e-05
1.0771,0.000388026,0,0.00165638,-1.07775,-1.97139e-05,0,-0.000126166
1.05009,-0.000861224,0,0.000314989,-1.07598,-5.80719e-05,0,-0.000141904
1.07845,0.00111345,0,-0.00223073,-1.07459,-5.62812e-06,0,5.78275e-05
1.06798,-0.000437547,0,-0.000775113,-1.07769,0.00014459,0,1.18504e-06
1.05612,0.00109231,-0,-0.00141107,-1.07602,0.000113197,0,-5.61382e-06
1.0672,-0.000346814,0,-0.00114478,-1.07392,-1.24627e-05,0,6.91031e-05
1.08638,9.31635e-05,0,0.000458698,-1.07553,9.19562e-05,0,-2.16141e-05
1.05898,-0.00254535,0,-0.00141853,-1.07551,3.48238e-05,0,2.87397e-05
1.05996,0.000751537,0,-0.00111739,-1.07601,-5.78323e-05,0,3.03223e-06
1.06368,-0.000685904,0,0.000105915,-1.07759,0.000164843,0,3.30248e-05
1.06207,2.77688e-05,-0,-0.000443349,-1.07424,1.58762e-05,0,1.16783e-05
1.08304,3.42679e-05,0,0.000978101,-1.07435,-0.000130442,0,-7.00339e-05
1.07705,-0.00138192,-0,-0.00204798,-1.07408,-0.000115966,0,3.65415e-05
1.06241,-0.000444027,-0,0.000195923,-1.07508,-3.87298e-05,-0,0.000104697
1.05644,-0.00240537,0,0.000196739,-1.07579,9.78226e-06,-0,0.000152599
1.08124,-0.000173124,-0,0.000170965,-1.07329,-0.000152726,0,6.27376e-06
1.04956,0.00203106,-0,-0.000737863,-1.07803,3.19898e-05,-0,-7.19266e-05
1.09605,-0.00181306,-0,0.00063995,-1.07809,6.84251e-05,-0,-6.99119e-05
1.10338,0.000525107,0,0.000417,-1.07728,6.2496e-05,-0,-2.9117e-05
1.07961,0.000552014,-0,-0.00179728,-1.07665,7.13808e-05,-0,-1.19547e-05
1.06288,-0.000308604,0,-0.00199348,-1.07714,0.000100217,-0,7.95382e-05
1.06226,-0.00194954,-0,0.000259619,-1.07782,5.93935e-05,0,0.00011934
1.08048,-0.000630575,-0,-0.000725519,-1.07961,3.42129e-05,0,-5.71883e-05
1.10464,0.000623855,0,0.000335421,-1.07567,1.70861e-06,0,-5.12063e-05
1.05828,-0.000416497,0,-0.000673928,-1.07567,6.35236e-05,0,5.87305e-05
1.09658,0.00225848,0,-0.000185307,-1.07315,-5.4898e-05,0,2.54993e-05
,0,0.000153975
1.071,0.000740486,0,-0.00038953,-1.07355,-9.88851e-05,0,-5.11883e-05
7e-05
1.06358,0.00132331,-0,0.00113812,-1.078,4.7621e-05,0,5.2262e-05
1.06649,-8.1813e-05,0,-0.00062588,-1.07654,-3.05878e-05,0,-4.16318e-05
1.06904,0.00102473,-0,-0.000322748,-1.07606,-0.000109183,0,0.000198094
1.04276,0.000570544,0,-0.000536707,-1.07659,2.52705e-05,0,0.000138392
1.04358,-0.000945363,0,0.00192232,-1.07484,3.21567e-05,0,-5.73877e-05
1.11823,-0.000783574,0,0.000415962,-1.07647,0.000128588,0,1.99549e-05
1.07797,0.000376344,-0,-0.00021722,-1.07703,8.66671e-05,0,4.79227e-06
1.07139,-0.000967176,-0,-0.000791823,-1.07645,4.1626e-05,0,-2.65398e-07
1.1072,-0.000116388,-0,-0.000475369,-1.0791,-3.19585e-05,0,-9.29557e-05
1.07856,0.000893232,0,-0.00148714,-1.07685,-7.46308e-05,0,4.29416e-05
1.07299,0.00116796,-0,-0.000893271,-1.07588,1.22295e-05,0,0.000163468
1.07915,0.000138885,-0,-0.000851432,-1.07377,3.01095e-06,0,-3.79627e-05
1.05382,0.000435222,0,8.32522e-05,-1.07591,-7.4252e-05,0,0.000103031
1.05612,0.00107035,0,0.000486951,-1.07521,-6.45451e-05,0,9.24593e-06
1.09479,0.000888035,0,0.000639561,-1.07295,8.447e-05,0,-5.12263e-05
1.08043,0.000979709,0,-0.000518774,-1.07435,-4.14033e-05,0,4.13883e-05
1.05668,-0.000275724,0,0.00165285,-1.07683,8.26672e-05,0,-5.90959e-05
1.06613,0.000508861,0,0.000324315,-1.07734,8.97982e-06,0,-2.6871e-05
1.04771,-0.00134233,0,-0.0012138,-1.0768,0.000170223,0,6.32935e-06
1.08218,-0.000955602,0,-0.00217803,-1.07518,-9.49087e-06,0,2.90713e-06
1.0731,-0.00171009,-0,0.000191506,-1.07558,-0.000132932,0,1.08129e-05
1.08391,-0.00116107,0,0.00218708,-1.07916,-4.98408e-05,0,-0.000123517
1.07762,-0.000510267,-0,0.00102761,-1.07707,7.84769e-05,0,2.17713e-05
1.08178,-0.000984862,-0,0.000482486,-1.07403,2.61987e-05,0,7.0827e-05
1.08352,0.000703053,0,0.000384993,-1.07315,-9.12127e-05,0,-4.55454e-05
1.06833,0.00102287,-0,-0.000307264,-1.07735,-8.76903e-05,0,-2.48693e-05
1.1055,0.000720931,0,-0.00235737,-1.07589,0.000147757,0,-4.32006e-05
1.04597,-0.00136685,0,0.00158094,-1.07784,-3.98521e-05,0,-3.13774e-05
1.07442,0.00258847,0,-0.000735549,-1.0763,-4.53516e-05,0,9.67163e-05
1.11484,-0.0011182,0,0.000761867,-1.07401,0.000106051,0,-0.000109542
1.06681,-0.000835381,0,-0.00078613,-1.07507,2.2113e-05,0,-0.000148337
1.08456,-0.00117815,-0,-0.000981128,-1.07383,4.59725e-05,0,7.28864e-06
1.08668,0.000799923,0,-0.000489836,-1.07788,-8.87831e-05,0,-8.49279e-05
1.06272,-0.00131388,0,1.34611e-05,-1.07647,6.37377e-05,0,1.38595e-06
1.07732,0.000492264,0,-0.000585775,-1.0755,-4.34795e-05,0,0.000105799
1.06451,0.00137734,-0,-0.000165238,-1.07359,-2.48065e-05,0,-6.01117e-05
1.07203,-0.000240207,0,0.00124884,-1.07429,0.000146864,0,1.17687e-05
1.09197,0.000652411,0,-0.000961947,-1.07762,3.90122e-05,0,5.46291e-05
1.05719,9.48083e-05,0,-0.000596242,-1.07562,1.30987e-05,0,6.1109e-05
1.01717,-0.000438873,-0,0.000875274,-1.07903,4.71146e-05,0,-0.000112746
1.07462,0.000417879,-0,0.00247545,-1.07471,7.47515e-05,0,-0.000113152
1.09394,-0.0016827,-0,0.000755515,-1.07582,1.13304e-05,-0,6.91029e-05
1.06903,-0.00065097,0,-0.00156579,-1.07651,6.54013e-05,-0,-0.000134022
1.06295,-0.000128298,0,-0.000690481,-1.07747,6.39353e-05,-0,1.70952e-05
1.10702,-0.00184049,-0,0.000930852,-1.07596,4.88113e-05,-0,8.62706e-05
1.04642,-0.00160732,0,0.0023861,-1.07579,-0.000134078,-0,3.19012e-05
1.05474,-0.000504639,-0,-0.000170201,-1.07611,-4.75044e-05,0,3.21452e-05
1.09505,-0.000852068,0,0.00015999,-1.07439,4.72004e-05,0,-1.68111e-05
1.08853,-0.00023731,-0,-7.14283e-05,-1.07798,-1.81558e-06,0,-3.97786e-06
1.1001,-0.00120389,0,-0.000877176,-1.07947,-5.09664e-05,0,8.08299e-05
1.05976,-0.0008884,0,0.000664461,-1.07707,-8.33688e-05,0,9.08834e-05
1.12132,0.00106705,0,0.00132797,-1.07571,-5.13001e-05,0,-6.81138e-05
1.08025,-5.59459e-06,-0,0.000245395,-1.07304,1.56943e-05,0,-1.51729e-06
1.04294,0.000911441,-0,-0.000419685,-1.07454,-2.43236e-05,0,9.48834e-06
1.10896,0.000227085,-0,0.00243972,-1.0789,4.17776e-06,0,0.000141885
1.10536,0.00164358,-0,-0.000487984,-1.0792,-5.49268e-05,0,-3.74361e-06
1.05111,0.00051692,0,-0.000189984,-1.07828,-9.17796e-05,-0,6.48481e-05
1.08758,-0.00126046,0,0.0014816,-1.07685,4.21051e-05,-0,-3.70239e-05
1.07598,0.000351339,-0,0.000465756,-1.07645,-2.91026e-05,-0,2.06952e-05
1.06296,0.000879723,-0,0.00102039,-1.07966,-2.70567e-05,0,1.54253e-05
1.07663,-0.00164244,-0,0.000350231,-1.07863,-3.9282e-05,0,1.05633e-06
1.08057,0.00170362,-0,0.000151468,-1.07842,-4.29102e-05,0,-4.04994e-05
1.06746,-0.00191443,-0,0.000118351,-1.07819,2.52601e-05,0,3.9862e-05
-1.07391,3.06205e-05,0,5.02444e-05
1.10104,0.000716481,-0,-0.0017934,-1.07848,-4.6464e-05,0,-4.09917e-06
1.05325,-0.00221966,0,0.000189585,-1.07476,1.74269e-05,0,1.09189e-05
1.04508,-0.00134413,0,-0.000815147,-1.07401,-1.13234e-05,0,-5.3441e-05
-0.000641038,-1.07706,-6.82551e-06,-0,-9.55912e-05
1.07218,0.00162708,0,-0.00166144,-1.07642,-0.000122968,-0,3.25933e-05
1.08134,0.00104662,-0,0.0013033,-1.0768,5.91756e-05,-0,4.42336e-05
00343984,-1.07682,-0.000116851,-0,-0.000125892
1.09491,0.000296548,-0,0.00142732,-1.07784,0.000122318,-0,-0.00018248
1.05201,0.000386041,0,0.00156427,-1.07681,-2.97544e-05,-0,-0.000118167
1.06046,-0.00200763,-0,-0.000336337,-1.07508,1.52474e-05,-0,7.2721e-05
1.06865,-0.00149925,-0,-0.00128968,-1.07499,3.61026e-05,-0,2.98624e-05
1.09723,-0.000116197,0,-0.00191822,-1.07506,8.65203e-05,-0,2.52153e-05
1.08324,-0.000582115,0,0.00018125,-1.07458,-5.7975e-05,-0,-6.11355e-05
1.07577,-0.000332595,0,0.000448811,-1.07587,2.72837e-05,-0,6.66822e-05
1.08273,-0.000659273,-0,0.000793897,-1.077,1.10851e-05,-0,4.42444e-05
